Timestamp_ms,TargetRPM,RealRPM,Current_mA,Kp,Ki,Kd,PWM,Mode
1738372,29.0,29.3,50.3,2.43,0.712,0.415,131,1
1738472,29.0,29.3,47.7,2.38,0.695,0.412,129,1
1738572,29.0,29.2,46.8,2.36,0.690,0.410,128,1
1738672,29.0,29.1,47.7,2.38,0.695,0.411,129,1
1738772,29.0,29.0,48.5,2.39,0.700,0.412,130,1
1738872,29.0,28.9,50.5,2.43,0.712,0.413,133,1
1738972,29.0,28.8,49.7,2.41,0.707,0.412,132,1
1739072,29.0,28.7,49.8,2.41,0.707,0.412,132,1
1739172,29.0,28.6,54.1,2.50,0.733,0.417,137,1
1739272,29.0,28.5,52.4,2.46,0.722,0.414,136,1
1739372,29.0,28.5,49.0,2.40,0.701,0.410,131,1
1739472,29.0,28.5,47.4,2.37,0.691,0.408,130,1
1739572,29.0,28.4,48.8,2.39,0.700,0.410,132,1
1739672,29.0,28.3,47.8,2.38,0.693,0.408,131,1
1739772,29.0,28.3,45.5,2.33,0.679,0.406,128,1
1739872,29.0,28.2,45.8,2.34,0.680,0.406,129,1
1739972,29.0,28.1,44.4,2.31,0.671,0.404,127,1
1740072,29.0,28.0,47.4,2.37,0.689,0.407,131,1
1740172,29.0,27.9,47.4,2.37,0.689,0.406,131,1
1740272,29.0,27.8,47.4,2.36,0.689,0.406,131,1
1740372,29.0,27.8,48.3,2.38,0.694,0.407,132,1
1740472,29.0,27.7,48.1,2.38,0.693,0.407,133,1
1740572,29.0,27.7,51.8,2.44,0.716,0.410,137,1
1740672,29.0,27.6,56.1,2.53,0.743,0.416,142,1
1740772,29.0,27.6,56.6,2.54,0.745,0.416,143,1
1740872,29.0,27.7,53.6,2.48,0.727,0.413,139,1
1740972,29.0,27.7,50.9,2.43,0.710,0.410,136,1
1741072,29.0,27.8,50.0,2.41,0.705,0.409,135,1
1741172,29.0,27.8,57.4,2.56,0.751,0.418,144,1
1741272,29.0,27.9,55.1,2.51,0.737,0.415,141,1
1741372,29.0,27.9,51.3,2.44,0.714,0.411,136,1
1741472,29.0,28.0,51.3,2.44,0.714,0.411,136,1
1741572,29.0,28.1,48.9,2.39,0.699,0.409,133,1
1741672,29.0,28.1,46.5,2.35,0.684,0.406,131,1
1741772,29.0,28.1,49.5,2.40,0.703,0.409,134,1
1741872,29.0,28.1,57.5,2.56,0.752,0.419,144,1
1741972,29.0,28.1,58.5,2.58,0.759,0.420,145,1
1742072,29.0,28.1,60.5,2.63,0.771,0.423,147,1
1742172,29.0,28.2,56.8,2.55,0.749,0.419,143,1
1742272,29.0,28.3,60.1,2.62,0.770,0.423,147,1
1742372,29.0,28.4,54.7,2.51,0.737,0.417,140,1
1742472,29.0,28.6,57.4,2.56,0.753,0.420,143,1
1742572,29.0,28.6,57.6,2.57,0.755,0.421,143,1
1742672,29.0,28.7,59.4,2.61,0.766,0.424,145,1
1742772,29.0,28.8,63.1,2.69,0.790,0.429,149,1
1742872,29.0,28.9,66.3,2.75,0.810,0.433,152,1
1742972,29.0,29.1,63.2,2.69,0.791,0.430,148,1
1743072,29.0,29.3,61.1,2.65,0.779,0.428,146,1
1743172,29.0,29.4,61.5,2.66,0.782,0.429,146,1
1743272,29.0,29.6,59.1,2.61,0.767,0.426,143,1
1743372,29.0,29.7,56.6,2.56,0.752,0.424,139,1
1743472,29.0,29.8,52.4,2.47,0.727,0.419,134,1
1743572,29.0,29.9,56.1,2.55,0.750,0.424,139,1
1743672,29.0,29.9,53.3,2.49,0.733,0.421,136,1
1743772,29.0,29.9,60.5,2.64,0.778,0.430,144,1
1743872,29.0,29.9,54.1,2.50,0.737,0.421,136,1
1743972,29.0,29.9,57.2,2.57,0.757,0.425,140,1
1744072,29.0,29.9,57.8,2.58,0.761,0.426,140,1
1744172,29.0,29.9,64.4,2.72,0.802,0.435,148,1
1744272,29.0,29.9,63.6,2.70,0.797,0.434,147,1
1744372,29.0,30.0,61.3,2.66,0.783,0.431,144,1
1744472,29.0,30.0,68.5,2.81,0.828,0.441,152,1
1744572,29.0,30.1,68.0,2.80,0.826,0.441,151,1
1744672,29.0,30.3,62.1,2.67,0.789,0.433,144,1
1744772,29.0,30.4,55.0,2.53,0.745,0.425,135,1
1744872,29.0,30.4,52.8,2.48,0.732,0.422,133,1
1744972,29.0,30.5,50.9,2.45,0.720,0.420,131,1
1745072,29.0,30.4,48.6,2.41,0.705,0.417,128,1
1745172,29.0,30.3,50.4,2.44,0.716,0.419,131,1
1745272,29.0,30.3,47.7,2.39,0.699,0.415,128,1
1745372,29.0,30.2,45.4,2.35,0.684,0.413,125,1
1745472,29.0,30.0,46.9,2.37,0.693,0.414,127,1
1745572,29.0,29.8,45.8,2.35,0.686,0.412,126,1
1745672,29.0,29.6,50.6,2.44,0.715,0.416,132,1
1745772,29.0,29.5,47.2,2.37,0.693,0.412,129,1
1745872,29.0,29.3,49.9,2.42,0.710,0.414,132,1
1745972,29.0,29.2,55.4,2.53,0.743,0.420,138,1
1746072,29.0,29.1,64.7,2.72,0.800,0.431,149,1
1746172,29.0,29.0,63.6,2.70,0.793,0.430,148,1
1746272,29.0,29.1,63.3,2.69,0.791,0.430,147,1
1746372,29.0,29.1,64.7,2.72,0.800,0.432,148,1
1746472,29.0,29.3,63.1,2.69,0.791,0.430,146,1
1746572,29.0,29.4,63.2,2.69,0.792,0.431,146,1
1746672,29.0,29.5,64.7,2.72,0.802,0.433,147,1
1746772,29.0,29.7,61.7,2.66,0.784,0.430,143,1
1746872,29.0,29.8,58.9,2.61,0.767,0.427,140,1
1746972,29.0,29.9,64.1,2.71,0.800,0.434,146,1
1747072,29.0,29.9,57.3,2.57,0.758,0.426,138,1
1747172,29.0,30.0,53.4,2.49,0.734,0.421,133,1
1747272,29.0,30.1,49.0,2.41,0.706,0.416,128,1
1747372,29.0,30.1,50.9,2.44,0.718,0.418,131,1
1747472,29.0,30.0,48.7,2.40,0.704,0.415,128,1
1747572,29.0,29.9,46.0,2.36,0.687,0.412,125,1
1747672,29.0,29.7,47.5,2.38,0.696,0.413,128,1
1747772,29.0,29.5,46.8,2.37,0.691,0.412,127,1
1747872,29.0,29.4,46.9,2.37,0.691,0.411,127,1
1747972,29.0,29.2,48.8,2.40,0.702,0.413,130,1
1748072,29.0,29.0,45.8,2.35,0.683,0.409,127,1
1748172,29.0,28.9,42.8,2.29,0.664,0.405,124,1
1748272,29.0,28.6,45.8,2.34,0.682,0.407,128,1
1748372,29.0,28.4,48.3,2.38,0.696,0.409,131,1
1748472,29.0,28.2,47.2,2.36,0.689,0.407,130,1
1748572,29.0,28.1,51.6,2.44,0.716,0.412,135,1
1748672,29.0,28.0,61.0,2.64,0.774,0.423,146,1
1748772,29.0,28.0,70.6,2.84,0.833,0.435,157,1
1748872,29.0,28.0,70.1,2.83,0.830,0.434,156,1
1748972,29.0,28.2,73.2,2.89,0.850,0.439,159,1
1749072,29.0,28.5,69.1,2.81,0.826,0.435,153,1
1749172,29.0,28.8,68.7,2.80,0.824,0.436,152,1
1749272,29.0,29.2,68.9,2.81,0.826,0.437,151,1
1749372,29.0,29.6,68.9,2.81,0.828,0.439,151,1
1749472,29.0,29.9,64.9,2.73,0.805,0.435,145,1
1749572,51.0,30.2,58.6,2.60,0.767,0.429,148,1
1749672,51.0,30.4,59.8,2.63,0.776,0.432,56,1
1749772,51.0,30.4,51.5,2.46,0.725,0.421,55,1
1749872,51.0,29.8,39.4,2.24,0.647,0.406,55,1
1749972,51.0,28.7,29.6,2.05,0.583,0.392,56,1
1750072,51.0,26.8,23.8,1.94,0.541,0.379,60,1
1750172,51.0,24.1,22.3,1.89,0.523,0.367,68,1
1750272,51.0,20.8,23.0,1.87,0.516,0.356,78,1
1750372,51.0,17.2,25.5,1.89,0.521,0.346,87,1
1750472,51.0,13.9,31.5,1.97,0.548,0.341,98,1
1750572,51.0,11.0,37.7,2.06,0.578,0.338,109,1
1750672,51.0,8.9,38.4,2.07,0.578,0.335,114,1
1750772,51.0,7.4,42.6,2.19,0.610,0.348,123,1
1750872,51.0,7.4,46.9,2.28,0.641,0.359,126,1
1750972,51.0,8.1,52.3,2.41,0.680,0.371,132,1
1751072,51.0,9.1,53.2,2.42,0.687,0.372,132,1
1751172,51.0,10.6,54.2,2.42,0.694,0.373,130,1
1751272,51.0,12.1,55.6,2.43,0.704,0.375,130,1
1751372,51.0,13.7,57.5,2.48,0.721,0.383,131,1
1751472,51.0,15.2,60.9,2.56,0.749,0.394,135,1
1751572,51.0,16.8,57.2,2.50,0.732,0.396,130,1
1751672,51.0,18.1,54.2,2.44,0.719,0.398,127,1
1751772,51.0,19.2,51.8,2.40,0.708,0.399,126,1
1751872,51.0,20.1,54.5,2.46,0.729,0.408,130,1
1751972,51.0,20.7,57.1,2.52,0.748,0.414,135,1
1752072,51.0,21.3,51.8,2.42,0.717,0.410,130,1
1752172,51.0,21.8,47.9,2.35,0.695,0.407,127,1
1752272,51.0,22.3,48.0,2.35,0.698,0.410,129,1
1752372,51.0,22.7,51.1,2.42,0.720,0.416,134,1
1752472,51.0,22.9,52.0,2.44,0.727,0.419,137,1
1752572,51.0,23.3,56.2,2.53,0.756,0.428,143,1
1752672,51.0,23.7,55.9,2.53,0.757,0.430,144,1
1752772,51.0,24.2,54.2,2.50,0.748,0.430,143,1
1752872,51.0,24.7,52.8,2.47,0.742,0.430,142,1
1752972,51.0,25.2,62.8,2.69,0.809,0.448,156,1
1753072,51.0,25.8,60.7,2.65,0.797,0.447,154,1
1753172,51.0,26.5,63.4,2.71,0.819,0.455,157,1
1753272,51.0,27.2,69.8,2.85,0.863,0.468,165,1
1753372,51.0,28.1,69.1,2.84,0.862,0.471,164,1
1753472,51.0,29.0,70.4,2.88,0.874,0.477,165,1
1753572,51.0,30.1,62.7,2.72,0.830,0.471,154,1
1753672,51.0,31.0,54.1,2.55,0.779,0.462,145,1
1753772,51.0,31.6,55.9,2.59,0.794,0.469,149,1
1753872,51.0,32.0,54.8,2.57,0.790,0.470,149,1
1753972,51.0,32.4,51.6,2.51,0.771,0.467,146,1
1754072,51.0,32.6,53.5,2.54,0.785,0.471,150,1
1754172,51.0,32.7,49.8,2.48,0.762,0.467,148,1
1754272,51.0,32.8,47.4,2.44,0.747,0.465,146,1
1754372,51.0,32.8,46.5,2.42,0.742,0.464,147,1
1754472,51.0,32.9,44.0,2.38,0.727,0.461,145,1
1754572,51.0,32.9,47.4,2.44,0.749,0.467,151,1
1754672,51.0,32.9,45.7,2.41,0.738,0.465,150,1
1754772,51.0,33.0,45.1,2.40,0.735,0.465,150,1
1754872,51.0,33.0,46.4,2.42,0.745,0.467,153,1
1754972,51.0,33.1,45.1,2.40,0.737,0.466,153,1
1755072,51.0,33.2,45.6,2.41,0.741,0.468,155,1
1755172,50.0,33.2,45.8,2.41,0.744,0.469,36,1
1755272,50.0,33.1,40.3,2.31,0.707,0.461,42,1
1755372,50.0,32.4,34.5,2.21,0.666,0.449,45,1
1755472,50.0,31.1,31.3,2.14,0.638,0.439,50,1
1755572,50.0,29.0,28.5,2.07,0.613,0.427,58,1
1755674,50.0,25.7,25.3,1.99,0.582,0.411,67,1
1755774,50.0,21.9,25.4,1.96,0.570,0.397,78,1
1755874,50.0,17.9,31.9,2.05,0.599,0.392,92,1
1755974,50.0,14.1,35.3,2.08,0.610,0.384,101,1
1756074,50.0,11.0,37.5,2.10,0.615,0.376,108,1
1756174,50.0,8.6,39.6,2.14,0.626,0.378,116,1
1756274,50.0,6.9,44.4,2.27,0.664,0.394,126,1
1756374,50.0,6.2,50.8,2.44,0.713,0.414,136,1
1756474,50.0,7.0,55.6,2.55,0.749,0.426,137,1
1756574,50.0,8.6,56.5,2.55,0.755,0.426,134,1
1756674,50.0,10.4,56.9,2.53,0.758,0.425,130,1
1756774,50.0,12.5,55.3,2.46,0.746,0.418,124,1
1756874,50.0,14.2,55.8,2.49,0.756,0.426,125,1
1756974,50.0,15.8,55.8,2.50,0.763,0.433,125,1
1757074,50.0,16.9,52.6,2.44,0.746,0.433,123,1
1757174,50.0,18.0,51.1,2.42,0.741,0.435,122,1
1757274,50.0,18.7,50.0,2.40,0.737,0.437,124,1
1757374,50.0,19.2,51.6,2.44,0.749,0.442,128,1
1757474,50.0,19.6,50.0,2.41,0.741,0.442,128,1
1757574,50.0,20.1,50.0,2.41,0.744,0.444,129,1
1757674,50.0,20.6,49.8,2.42,0.745,0.447,130,1
1757774,50.0,21.0,50.5,2.43,0.752,0.450,132,1
1757874,50.0,21.5,53.0,2.49,0.771,0.457,137,1
1757974,50.0,22.0,53.9,2.51,0.779,0.461,139,1
1758074,50.0,22.5,56.3,2.57,0.798,0.468,143,1
1758174,50.0,23.0,55.1,2.55,0.792,0.469,142,1
1758274,50.0,23.5,58.4,2.62,0.817,0.478,148,1
1758374,50.0,24.2,55.4,2.56,0.800,0.475,144,1
1758474,50.0,24.9,51.3,2.48,0.775,0.471,139,1
1758574,50.0,25.6,48.3,2.43,0.758,0.470,137,1
1758674,50.0,26.0,47.8,2.43,0.757,0.471,138,1
1758774,50.0,26.4,48.5,2.44,0.763,0.474,141,1
1758874,50.0,26.8,49.8,2.47,0.774,0.478,143,1
1758974,50.0,27.1,49.4,2.47,0.773,0.480,144,1
1759074,50.0,27.4,46.8,2.42,0.757,0.477,143,1
1759175,50.0,27.8,47.6,2.44,0.764,0.480,144,1
1759275,50.0,28.1,51.6,2.52,0.793,0.489,151,1
1759375,50.0,28.4,49.2,2.48,0.778,0.487,149,1
1759475,50.0,28.7,59.6,2.69,0.850,0.507,164,1
1759575,50.0,29.2,65.8,2.83,0.895,0.521,172,1
1759675,50.0,29.8,76.9,3.08,0.975,0.546,186,1
1759775,50.0,30.7,65.2,2.83,0.899,0.528,170,1
1759875,50.0,31.7,54.0,2.59,0.828,0.512,154,1
1759975,50.0,32.6,52.4,2.57,0.822,0.514,152,1
1760075,50.0,33.2,58.7,2.70,0.869,0.530,162,1
1760175,50.0,33.8,51.3,2.56,0.822,0.519,153,1
1760275,50.0,34.3,44.9,2.44,0.781,0.511,146,1
1760375,50.0,34.4,44.8,2.44,0.781,0.512,149,1
1760475,50.0,34.5,41.4,2.38,0.759,0.507,146,1
1760575,50.0,34.5,40.8,2.37,0.754,0.506,147,1
1760675,50.0,34.5,41.2,2.38,0.758,0.507,149,1
1760775,50.0,34.5,41.7,2.39,0.762,0.508,150,1
1760875,50.0,34.4,43.1,2.41,0.771,0.511,154,1
1760975,50.0,34.4,43.8,2.42,0.777,0.512,156,1
1761075,50.0,34.4,43.6,2.42,0.776,0.513,157,1
1761175,50.0,34.5,43.6,2.42,0.777,0.513,157,1
1761275,50.0,34.6,48.0,2.50,0.808,0.522,165,1
1761375,50.0,34.7,47.4,2.50,0.805,0.522,165,1
1761475,50.0,34.9,46.5,2.48,0.800,0.522,164,1
1761575,50.0,35.1,48.9,2.53,0.818,0.527,169,1
1761677,50.0,35.3,51.2,2.57,0.835,0.533,172,1
1761777,50.0,35.6,49.4,2.54,0.825,0.532,170,1
1761877,50.0,35.9,48.3,2.52,0.820,0.532,169,1
1761977,50.0,36.2,48.4,2.52,0.822,0.534,171,1
1762077,50.0,36.5,46.7,2.50,0.812,0.533,169,1
1762177,50.0,36.9,47.1,2.51,0.817,0.536,170,1
1762277,50.0,37.1,45.1,2.47,0.805,0.534,168,1
1762377,50.0,37.4,48.5,2.53,0.830,0.542,173,1
1762477,50.0,37.7,51.7,2.60,0.854,0.549,179,1
1762577,50.0,38.0,47.9,2.53,0.830,0.545,173,1
1762677,50.0,38.3,49.6,2.56,0.844,0.550,176,1
1762777,50.0,38.7,49.7,2.57,0.847,0.552,177,1
1762877,50.0,39.0,49.8,2.57,0.849,0.554,177,1
1762977,50.0,39.4,49.5,2.57,0.849,0.556,178,1
1763077,50.0,39.7,47.4,2.53,0.837,0.554,175,1
1763178,50.0,40.0,47.2,2.53,0.837,0.555,175,1
1763278,50.0,40.3,45.5,2.50,0.827,0.554,173,1
1763378,50.0,40.5,44.0,2.47,0.818,0.553,172,1
1763478,50.0,40.7,43.3,2.46,0.815,0.553,172,1
1763578,50.0,40.8,45.0,2.49,0.828,0.557,175,1
1763678,50.0,41.0,44.7,2.49,0.827,0.557,175,1
1763778,50.0,41.1,50.4,2.60,0.867,0.569,184,1
1763878,50.0,41.3,49.7,2.58,0.863,0.569,184,1
1763978,50.0,41.5,52.0,2.63,0.881,0.574,187,1
1764078,50.0,41.8,50.4,2.60,0.872,0.573,185,1
1764178,50.0,42.1,48.0,2.56,0.857,0.571,182,1
1764278,50.0,42.3,44.0,2.49,0.831,0.565,176,1
1764378,50.0,42.5,49.0,2.58,0.866,0.575,184,1
1764478,50.0,42.7,44.2,2.49,0.834,0.568,178,1
1764578,50.0,42.9,43.9,2.49,0.833,0.568,178,1
1764680,50.0,43.0,54.8,2.69,0.910,0.589,194,1
1764780,50.0,43.2,62.7,2.86,0.966,0.606,206,1
1764880,50.0,43.6,54.8,2.70,0.914,0.593,194,1
1764980,50.0,44.0,44.3,2.50,0.843,0.575,178,1
1765080,50.0,44.3,54.6,2.70,0.916,0.596,193,1
1765180,50.0,44.5,51.3,2.64,0.894,0.592,189,1
1765280,50.0,44.8,45.3,2.53,0.854,0.582,180,1
1765380,50.0,45.0,48.2,2.58,0.876,0.588,185,1
1765480,50.0,45.1,52.8,2.67,0.908,0.598,192,1
1765580,50.0,45.3,59.5,2.80,0.956,0.612,202,1
1765680,50.0,45.5,49.0,2.60,0.884,0.593,187,1
1765780,50.0,45.7,43.7,2.51,0.849,0.585,179,1
1765880,50.0,45.8,42.1,2.48,0.838,0.582,177,1
1765980,50.0,45.9,48.0,2.59,0.880,0.594,187,1
1766080,50.0,45.9,54.3,2.70,0.925,0.606,197,1
1766180,50.0,46.0,60.3,2.82,0.967,0.618,206,1
1766280,50.0,46.2,63.9,2.90,0.993,0.627,210,1
1766380,50.0,46.5,55.9,2.74,0.939,0.612,198,1
1766480,50.0,46.8,55.5,2.73,0.938,0.613,197,1
1766580,50.0,47.1,50.2,2.63,0.902,0.605,189,1
1766680,50.0,47.3,42.9,2.50,0.852,0.592,178,1
1766780,50.0,47.4,39.8,2.44,0.832,0.587,175,1
1766880,50.0,47.4,44.9,2.54,0.867,0.597,183,1
1766980,50.0,47.3,49.4,2.62,0.898,0.604,190,1
1767080,50.0,47.3,47.0,2.58,0.882,0.600,187,1
1767180,50.0,47.3,46.6,2.57,0.878,0.599,186,1
1767280,50.0,47.3,57.7,2.78,0.956,0.620,203,1
1767380,50.0,47.4,50.2,2.64,0.904,0.606,192,1
1767480,50.0,47.4,45.6,2.55,0.872,0.598,185,1
1767580,50.0,47.5,49.3,2.62,0.899,0.606,190,1
1767680,50.0,47.5,47.7,2.59,0.888,0.603,189,1
1767780,50.0,47.6,55.6,2.74,0.943,0.618,200,1
1767880,50.0,47.6,48.4,2.61,0.893,0.604,190,1
1767980,50.0,47.7,44.6,2.53,0.867,0.598,184,1
1768080,50.0,47.7,49.7,2.63,0.902,0.607,192,1
1768180,50.0,47.8,44.8,2.54,0.869,0.598,185,1
1768280,50.0,47.8,40.6,2.46,0.839,0.591,179,1
1768380,50.0,47.7,34.2,2.34,0.794,0.578,170,1
1768480,50.0,47.7,34.6,2.34,0.796,0.579,171,1
1768580,50.0,47.6,37.4,2.40,0.816,0.584,176,1
1768680,50.0,47.4,36.3,2.38,0.808,0.581,175,1
1768780,50.0,47.3,42.0,2.48,0.847,0.591,184,1
1768880,50.0,47.1,45.6,2.55,0.871,0.597,190,1
1768980,50.0,47.1,38.8,2.42,0.823,0.584,179,1
1769080,50.0,47.0,39.3,2.43,0.826,0.584,180,1
1769180,50.0,47.0,39.7,2.44,0.829,0.585,181,1
1769280,50.0,46.9,46.4,2.56,0.875,0.597,192,1
1769380,50.0,46.9,57.1,2.76,0.950,0.617,208,1
1769480,50.0,47.0,53.1,2.69,0.923,0.610,201,1
1769580,50.0,47.1,53.8,2.70,0.928,0.612,202,1
1769680,50.0,47.3,62.9,2.89,0.993,0.631,216,1
1769780,50.0,47.5,57.9,2.78,0.959,0.622,208,1
1769880,50.0,47.9,52.9,2.69,0.926,0.614,199,1
1769980,50.0,48.1,51.7,2.67,0.919,0.614,198,1
1770080,50.0,48.3,59.7,2.83,0.976,0.630,210,1
1770180,50.0,48.6,51.6,2.67,0.921,0.616,197,1
1770280,50.0,48.8,42.1,2.49,0.855,0.599,183,1
1770380,50.0,48.9,42.0,2.49,0.855,0.599,183,1
1770480,50.0,48.9,36.4,2.39,0.816,0.589,176,1
1770580,50.0,48.8,34.6,2.35,0.803,0.585,173,1
1770680,50.0,48.7,34.8,2.35,0.804,0.585,174,1
1770780,50.0,48.5,35.0,2.35,0.804,0.584,175,1
1770880,50.0,48.3,38.6,2.43,0.828,0.590,181,1
1770980,50.0,48.1,40.1,2.45,0.838,0.592,184,1
1771080,50.0,48.0,46.4,2.57,0.881,0.603,194,1
1771180,50.0,47.9,56.9,2.76,0.954,0.622,210,1
1771280,50.0,48.0,52.7,2.69,0.925,0.615,202,1
1771380,50.0,48.2,69.7,3.04,1.044,0.649,227,1
1771480,50.0,48.7,71.1,3.07,1.057,0.655,226,1
1771580,50.0,49.5,58.9,2.81,0.976,0.634,205,1
1771680,50.0,50.3,47.8,2.61,0.903,0.617,188,1
1771780,50.0,50.7,58.2,2.80,0.978,0.639,204,1
1771880,50.0,51.0,55.1,2.75,0.957,0.634,200,1
1771980,50.0,51.1,60.2,2.85,0.994,0.645,208,1
1772080,50.0,51.3,51.7,2.69,0.935,0.630,195,1
1772180,50.0,51.4,44.2,2.55,0.883,0.616,184,1
1772280,50.0,51.3,48.1,2.62,0.910,0.623,191,1
1772380,50.0,51.2,47.8,2.61,0.908,0.622,190,1
1772480,50.0,51.1,44.2,2.55,0.882,0.615,186,1
1772580,50.0,51.0,41.9,2.50,0.865,0.610,183,1
1772680,50.0,50.8,40.0,2.47,0.851,0.606,180,1
1772780,50.0,50.6,41.7,2.50,0.862,0.607,183,1
1772880,50.0,50.3,43.0,2.52,0.870,0.609,185,1
1772980,50.0,50.1,43.1,2.52,0.869,0.608,186,1
1773080,50.0,49.9,40.5,2.47,0.850,0.602,182,1
1773180,50.0,49.8,39.4,2.45,0.842,0.599,181,1
1773280,50.0,49.5,39.6,2.45,0.842,0.598,181,1
1773380,50.0,49.3,37.2,2.41,0.824,0.593,178,1
1773480,50.0,49.1,36.5,2.39,0.818,0.590,177,1
1773580,50.0,48.9,36.3,2.38,0.816,0.589,178,1
1773680,50.0,48.7,38.7,2.43,0.831,0.592,182,1
1773780,50.0,48.5,37.9,2.42,0.825,0.590,181,1
1773880,50.0,48.3,38.2,2.42,0.826,0.589,182,1
1773980,50.0,48.1,41.6,2.48,0.848,0.595,187,1
1774080,50.0,48.0,47.1,2.58,0.887,0.605,195,1
1774180,50.0,48.0,46.0,2.56,0.878,0.602,193,1
1774280,50.0,48.0,49.7,2.63,0.905,0.609,199,1
1774380,50.0,48.0,52.3,2.68,0.923,0.614,203,1
1774480,50.0,48.2,60.6,2.84,0.981,0.631,215,1
1774580,50.0,48.4,49.7,2.63,0.907,0.611,197,1
1774680,50.0,48.7,49.4,2.63,0.906,0.612,196,1
1774780,50.0,48.9,48.4,2.61,0.900,0.612,195,1
1774880,50.0,49.1,43.1,2.52,0.864,0.602,187,1
1774980,50.0,49.1,39.4,2.45,0.838,0.596,182,1
1775080,50.0,49.2,41.6,2.49,0.853,0.600,186,1
1775180,50.0,49.1,41.6,2.49,0.853,0.600,186,1
1775280,50.0,49.0,45.3,2.56,0.879,0.606,192,1
1775380,50.0,49.0,45.4,2.56,0.880,0.606,192,1
1775480,50.0,49.0,43.6,2.52,0.867,0.603,190,1
1775580,50.0,49.0,42.5,2.50,0.859,0.601,188,1
1775680,50.0,49.0,45.7,2.56,0.881,0.607,193,1
1775780,50.0,48.9,43.2,2.52,0.864,0.602,189,1
1775880,50.0,48.9,41.6,2.49,0.853,0.599,187,1
1775980,50.0,48.9,42.9,2.51,0.862,0.601,189,1
1776080,50.0,48.9,41.2,2.48,0.849,0.598,187,1
1776180,50.0,48.8,43.1,2.51,0.863,0.601,190,1
1776280,50.0,48.8,49.5,2.63,0.907,0.613,200,1
1776380,50.0,48.8,51.7,2.67,0.923,0.617,203,1
1776480,50.0,48.9,50.0,2.64,0.911,0.614,200,1
1776580,50.0,49.0,46.6,2.58,0.887,0.608,195,1
1776680,50.0,49.0,46.1,2.57,0.884,0.608,194,1
1776780,50.0,49.1,52.4,2.69,0.929,0.620,204,1
1776880,50.0,49.1,50.1,2.64,0.913,0.616,200,1
1776980,50.0,49.2,45.6,2.56,0.882,0.608,193,1
1777080,50.0,49.3,39.8,2.45,0.842,0.597,184,1
1777180,50.0,49.3,39.7,2.45,0.841,0.597,184,1
1777280,50.0,49.3,37.9,2.42,0.828,0.594,182,1
1777380,50.0,49.2,38.9,2.44,0.835,0.595,184,1
1777480,50.0,49.2,41.4,2.49,0.853,0.600,188,1
1777580,50.0,49.1,38.8,2.44,0.834,0.595,184,1
1777680,50.0,49.1,35.9,2.38,0.813,0.589,180,1
1777780,50.0,49.0,36.7,2.39,0.818,0.590,181,1
1777880,50.0,48.9,44.0,2.53,0.869,0.603,193,1
1777980,50.0,48.8,44.3,2.54,0.871,0.603,193,1
1778080,50.0,48.8,50.3,2.65,0.913,0.614,203,1
1778180,50.0,48.8,47.1,2.59,0.890,0.608,197,1
1778280,50.0,48.8,43.9,2.53,0.868,0.603,192,1
1778380,50.0,48.9,43.3,2.52,0.864,0.602,191,1
1778480,50.0,48.9,51.3,2.67,0.920,0.617,204,1
1778580,50.0,49.0,49.1,2.63,0.905,0.613,200,1
1778680,50.0,49.0,48.8,2.62,0.903,0.613,200,1
1778780,50.0,49.1,48.9,2.62,0.904,0.613,200,1
1778880,50.0,49.1,48.1,2.61,0.899,0.612,199,1
1778980,50.0,49.2,47.1,2.59,0.893,0.611,197,1
1779080,50.0,49.3,49.1,2.63,0.907,0.615,200,1
1779180,50.0,49.3,49.6,2.64,0.911,0.616,201,1
1779280,50.0,49.4,47.9,2.61,0.899,0.613,198,1
1779380,50.0,49.5,48.6,2.62,0.905,0.615,199,1
1779480,50.0,49.5,52.4,2.69,0.931,0.622,205,1
1779580,50.0,49.6,50.4,2.65,0.918,0.619,202,1
1779680,50.0,49.7,51.8,2.68,0.928,0.622,204,1
1779780,50.0,49.7,59.5,2.83,0.982,0.637,216,1
1779880,50.0,49.9,52.5,2.69,0.934,0.624,204,1
1779980,50.0,50.1,52.8,2.70,0.937,0.626,204,1
1780080,50.0,50.2,55.0,2.74,0.953,0.630,208,1
1780180,50.0,50.3,50.6,2.66,0.923,0.623,201,1
1780280,50.0,50.4,56.6,2.77,0.965,0.635,210,1
1780380,50.0,50.5,47.4,2.60,0.901,0.618,196,1
1780480,50.0,50.7,37.7,2.42,0.834,0.600,180,1
1780580,50.0,50.7,33.4,2.32,0.803,0.592,175,1
1780680,50.0,50.6,44.1,2.54,0.879,0.612,192,1
1780780,50.0,50.5,41.2,2.49,0.858,0.606,187,1
1780880,50.0,50.4,41.8,2.50,0.861,0.607,188,1
1780980,50.0,50.3,41.0,2.48,0.856,0.605,187,1
1781080,50.0,50.2,40.6,2.48,0.853,0.604,187,1
1781180,50.0,50.1,43.3,2.53,0.871,0.608,191,1
1781280,50.0,50.0,41.1,2.48,0.855,0.604,188,1
1781380,50.0,50.0,45.9,2.57,0.888,0.612,195,1
1781480,50.0,49.9,46.5,2.58,0.892,0.613,196,1
1781580,50.0,49.9,44.1,2.54,0.875,0.608,192,1
1781680,50.0,49.9,47.1,2.59,0.896,0.614,197,1
1781780,50.0,49.9,46.8,2.59,0.894,0.614,196,1
1781880,50.0,49.9,45.2,2.56,0.883,0.610,194,1
1781980,50.0,49.9,54.0,2.72,0.944,0.627,207,1
1782080,50.0,49.9,57.5,2.79,0.969,0.634,212,1
1782180,50.0,50.0,53.6,2.72,0.942,0.627,206,1
1782280,50.0,50.1,54.1,2.73,0.946,0.628,206,1
1782380,50.0,50.2,51.3,2.67,0.927,0.624,202,1
1782480,50.0,50.3,54.2,2.73,0.948,0.629,206,1
1782580,50.0,50.4,50.5,2.66,0.922,0.623,200,1
1782680,50.0,50.5,48.4,2.62,0.908,0.620,197,1
1782780,50.0,50.6,46.5,2.59,0.895,0.616,194,1
1782880,50.0,50.6,41.6,2.50,0.861,0.607,187,1
1782980,50.0,50.6,41.8,2.50,0.862,0.608,187,1
1783080,50.0,50.5,41.7,2.50,0.862,0.607,187,1
1783180,50.0,50.4,50.4,2.66,0.922,0.623,201,1
1783280,50.0,50.4,47.2,2.60,0.900,0.617,196,1
1783380,50.0,50.4,52.8,2.70,0.939,0.627,204,1
1783480,50.0,50.4,49.2,2.64,0.913,0.621,199,1
1783580,50.0,50.4,44.3,2.55,0.879,0.612,191,1
1783680,50.0,50.4,49.8,2.65,0.918,0.622,199,1
1783780,50.0,50.4,48.0,2.61,0.905,0.618,197,1
1783880,50.0,50.4,45.2,2.56,0.886,0.613,192,1
1783980,50.0,50.4,40.1,2.47,0.850,0.604,184,1
1784080,50.0,50.4,38.9,2.44,0.841,0.601,183,1
1784180,50.0,50.3,43.9,2.54,0.876,0.610,191,1
1784280,50.0,50.3,43.8,2.54,0.875,0.610,191,1
1784380,50.0,50.2,45.3,2.56,0.885,0.612,193,1
1784480,50.0,50.2,40.5,2.47,0.851,0.603,186,1
1784580,50.0,50.1,46.6,2.59,0.894,0.614,195,1
1784680,50.0,50.1,50.3,2.65,0.919,0.621,201,1
1784780,50.0,50.1,54.6,2.73,0.949,0.629,207,1
1784880,50.0,50.1,57.0,2.78,0.966,0.633,210,1
1784980,50.0,50.1,63.2,2.91,1.010,0.646,220,1
1785080,50.0,50.3,67.4,3.00,1.040,0.656,225,1
1785180,50.0,50.6,63.8,2.92,1.016,0.650,218,1
1785280,50.0,50.9,63.3,2.92,1.014,0.651,216,1
1785380,50.0,51.3,65.9,2.97,1.034,0.657,219,1
1785480,50.0,51.6,56.1,2.77,0.968,0.639,204,1
1785580,50.0,51.8,48.2,2.63,0.914,0.626,192,1
1785680,50.0,52.0,43.9,2.55,0.884,0.619,186,1
1785780,50.0,52.0,43.4,2.54,0.881,0.618,186,1
1785880,50.0,51.9,40.1,2.47,0.857,0.611,182,1
1785980,50.0,51.7,40.4,2.48,0.859,0.611,183,1
1786080,50.0,51.6,37.7,2.42,0.839,0.605,179,1
1786180,50.0,51.3,41.0,2.49,0.861,0.610,184,1
1786280,50.0,51.1,47.4,2.61,0.904,0.621,194,1
1786380,50.0,50.9,59.5,2.83,0.987,0.642,212,1
1786480,50.0,50.9,51.0,2.67,0.928,0.626,199,1
1786580,50.0,50.9,51.6,2.68,0.933,0.628,199,1
1786680,50.0,51.0,50.8,2.67,0.927,0.627,197,1
1786780,50.0,51.0,54.2,2.73,0.951,0.633,203,1
1786880,50.0,51.0,48.6,2.63,0.912,0.623,194,1
1786980,50.0,51.0,46.7,2.59,0.899,0.619,191,1
1787080,50.0,51.0,43.7,2.54,0.878,0.613,187,1
1787180,50.0,50.9,43.2,2.53,0.874,0.612,186,1
1787280,50.0,50.8,44.1,2.54,0.880,0.613,188,1
1787380,50.0,50.8,46.1,2.58,0.893,0.617,191,1
1787480,50.0,50.7,42.5,2.51,0.868,0.609,186,1
1787580,50.0,50.6,42.1,2.51,0.865,0.608,185,1
1787680,50.0,50.4,45.7,2.57,0.889,0.614,191,1
1787780,50.0,50.4,45.4,2.56,0.886,0.613,190,1
1787880,50.0,50.3,43.9,2.54,0.876,0.610,188,1
1787980,50.0,50.2,48.8,2.63,0.909,0.619,196,1
1788080,50.0,50.1,46.7,2.59,0.894,0.614,192,1
1788180,50.0,50.1,44.8,2.55,0.881,0.611,189,1
1788280,50.0,50.0,42.8,2.52,0.867,0.607,187,1
1788380,50.0,50.0,41.7,2.50,0.859,0.605,185,1
1788480,50.0,49.9,40.5,2.47,0.850,0.602,184,1
1788580,50.0,49.8,40.2,2.47,0.847,0.601,183,1
1788680,50.0,49.7,39.6,2.45,0.843,0.599,182,1
1788780,50.0,49.6,38.1,2.43,0.832,0.596,181,1
1788880,50.0,49.5,45.8,2.57,0.885,0.610,193,1
1788980,50.0,49.4,45.0,2.55,0.878,0.608,191,1
1789080,50.0,49.3,48.8,2.62,0.905,0.614,197,1
1789180,50.0,49.3,46.6,2.58,0.890,0.610,194,1
1789280,50.0,49.3,44.9,2.55,0.877,0.607,191,1
1789380,50.0,49.3,39.3,2.45,0.839,0.597,182,1
1789480,50.0,49.3,36.9,2.40,0.822,0.592,179,1
1789580,50.0,49.2,36.0,2.38,0.815,0.590,178,1
1789680,50.0,49.1,35.5,2.37,0.811,0.588,178,1
1789780,50.0,49.0,35.6,2.37,0.811,0.588,178,1
1789880,50.0,48.9,39.1,2.44,0.835,0.594,184,1
1789980,50.0,48.8,38.4,2.43,0.829,0.592,183,1
1790080,73.0,48.7,39.1,2.44,0.834,0.593,198,1
1790180,73.0,48.6,38.6,2.43,0.831,0.593,63,1
1790280,73.0,48.4,33.9,2.33,0.798,0.583,64,1
1790380,73.0,47.8,31.1,2.27,0.776,0.576,68,1
1790480,73.0,46.6,26.6,2.17,0.739,0.562,73,1
1790580,73.0,44.6,24.9,2.13,0.717,0.549,82,1
1790680,73.0,41.6,28.1,2.20,0.726,0.541,98,1
1790780,73.0,37.6,35.0,2.30,0.753,0.534,119,1
1790880,73.0,33.1,37.7,2.33,0.749,0.516,135,1
1790980,73.0,29.6,44.5,2.43,0.781,0.514,146,1
1791080,73.0,27.7,54.0,2.60,0.841,0.525,156,1
1791180,73.0,27.4,57.6,2.68,0.866,0.532,158,1
1791280,73.0,27.9,55.4,2.63,0.854,0.531,153,1
1791380,73.0,28.5,51.8,2.56,0.833,0.528,151,1
1791480,73.0,29.2,60.8,2.76,0.899,0.550,164,1
1791580,73.0,29.9,59.9,2.75,0.897,0.552,165,1
1791680,73.0,30.7,61.0,2.78,0.911,0.560,168,1
1791780,73.0,31.8,55.0,2.66,0.875,0.554,161,1
1791880,73.0,32.6,55.1,2.66,0.882,0.560,163,1
1791980,73.0,33.4,48.5,2.54,0.841,0.552,158,1
1792080,73.0,34.1,42.1,2.43,0.800,0.544,152,1
1792180,73.0,34.5,48.6,2.55,0.850,0.561,164,1
1792280,73.0,35.0,43.1,2.45,0.814,0.554,159,1
1792380,73.0,35.3,41.0,2.42,0.802,0.552,160,1
1792480,73.0,35.6,44.4,2.49,0.829,0.562,167,1
1792580,73.0,35.9,48.8,2.57,0.863,0.573,176,1
1792680,73.0,36.4,46.7,2.54,0.852,0.572,175,1
1792780,73.0,36.9,49.8,2.60,0.878,0.583,181,1
1792880,73.0,37.4,51.6,2.64,0.894,0.590,186,1
1792980,73.0,38.0,53.3,2.67,0.911,0.598,190,1
1793080,73.0,38.8,55.9,2.73,0.935,0.609,194,1
1793180,73.0,39.7,57.0,2.76,0.949,0.617,198,1
1793280,73.0,40.6,54.2,2.71,0.935,0.617,194,1
1793380,73.0,41.5,51.6,2.67,0.923,0.618,192,1
1793480,73.0,42.4,52.0,2.68,0.932,0.625,194,1
1793580,73.0,43.3,48.3,2.62,0.911,0.623,190,1
1793680,73.0,44.0,47.5,2.61,0.910,0.627,191,1
1793780,73.0,44.6,44.6,2.56,0.893,0.625,190,1
1793880,73.0,45.0,44.6,2.56,0.897,0.628,192,1
1793980,73.0,45.5,51.9,2.70,0.953,0.647,205,1
1794080,73.0,45.9,48.2,2.64,0.930,0.643,202,1
1794180,73.0,46.5,52.5,2.72,0.965,0.655,209,1
1794280,73.0,47.0,55.5,2.78,0.990,0.665,216,1
1794380,73.0,47.7,48.8,2.66,0.948,0.657,205,1
1794480,73.0,48.4,54.7,2.78,0.995,0.674,216,1
1794580,73.0,49.2,49.9,2.70,0.966,0.669,210,1
1794680,73.0,49.8,45.3,2.61,0.937,0.664,204,1
1794780,73.0,50.3,50.6,2.72,0.979,0.679,215,1
1794880,73.0,50.8,45.0,2.62,0.942,0.671,208,1
1794980,73.0,51.3,39.4,2.51,0.905,0.663,201,1
1795080,73.0,51.5,45.9,2.64,0.955,0.679,214,1
1795180,73.0,51.8,57.6,2.86,1.042,0.706,235,1
1795280,73.0,52.9,51.4,2.75,1.004,0.700,219,1
1795380,73.0,54.1,43.4,2.61,0.954,0.691,206,1
1795480,73.0,54.8,35.6,2.44,0.902,0.679,197,1
1795580,73.0,55.1,39.5,2.53,0.933,0.690,208,1
1795680,73.0,55.1,39.0,2.52,0.930,0.690,211,1
1795780,73.0,55.0,53.4,2.81,1.035,0.720,238,1
1795880,73.0,55.9,49.2,2.74,1.010,0.718,224,1
1795980,73.0,57.0,43.7,2.63,0.978,0.713,214,1
1796080,73.0,57.5,49.2,2.75,1.022,0.729,228,1
1796180,73.0,58.0,49.5,2.76,1.027,0.733,229,1
1796280,73.0,58.6,59.2,2.95,1.101,0.757,245,1
1796380,73.0,59.9,51.7,2.81,1.056,0.750,227,1
1796480,73.0,61.2,42.5,2.62,0.997,0.738,211,1
1796580,73.0,61.6,37.6,2.51,0.964,0.731,210,1
1796680,73.0,61.5,33.3,2.41,0.932,0.721,208,1
1796780,73.0,61.0,28.4,2.31,0.895,0.708,204,1
1796880,73.0,60.5,28.2,2.30,0.891,0.706,206,1
1796980,73.0,59.9,41.4,2.59,0.985,0.732,232,1
1797080,73.0,60.1,49.0,2.76,1.043,0.750,240,1
1797180,73.0,61.1,44.6,2.67,1.016,0.747,227,1
1797280,73.0,61.8,45.9,2.70,1.031,0.754,231,1
1797380,73.0,62.2,53.1,2.86,1.087,0.773,247,1
1797480,73.0,63.4,59.0,2.98,1.136,0.793,249,1
1797580,73.0,64.9,49.4,2.79,1.076,0.782,229,1
1797680,73.0,66.0,38.6,2.55,1.004,0.765,214,1
1797780,73.0,66.0,33.9,2.45,0.971,0.756,215,1
1797880,73.0,65.6,35.1,2.47,0.977,0.756,222,1
1797980,73.0,64.9,36.0,2.49,0.981,0.755,227,1
1798080,73.0,64.6,45.6,2.70,1.049,0.775,242,1
1798180,73.0,65.1,52.6,2.86,1.104,0.793,247,1
1798280,73.0,66.1,53.9,2.89,1.120,0.802,245,1
1798380,73.0,67.2,51.4,2.84,1.108,0.804,239,1
1798480,73.0,67.9,47.6,2.76,1.085,0.800,236,1
1798580,73.0,68.2,52.7,2.87,1.125,0.813,247,1
1798680,73.0,68.8,71.8,3.29,1.267,0.859,255,1
1798780,73.0,69.9,60.5,3.05,1.192,0.841,252,1
1798880,73.0,71.0,67.2,3.20,1.247,0.862,255,1
1798980,73.0,72.1,72.0,3.32,1.289,0.880,255,1
1799080,73.0,73.1,59.3,3.03,1.202,0.857,245,1
1799180,73.0,73.6,54.7,2.93,1.172,0.850,241,1
1799280,73.0,73.7,47.7,2.78,1.121,0.836,233,1
1799380,73.0,73.3,46.1,2.74,1.107,0.829,236,1
1799480,73.0,72.8,46.3,2.74,1.106,0.827,237,1
1799580,73.0,72.4,41.6,2.64,1.069,0.814,230,1
1799680,73.0,72.0,47.5,2.77,1.109,0.825,240,1
1799780,73.0,71.7,54.1,2.91,1.156,0.838,250,1
1799880,73.0,72.2,48.8,2.80,1.120,0.829,235,1
1799980,73.0,72.4,53.0,2.89,1.153,0.839,243,1
1800080,73.0,72.4,54.4,2.92,1.163,0.842,248,1
1800180,73.0,72.7,52.4,2.88,1.150,0.840,241,1
1800280,73.0,72.9,45.2,2.72,1.098,0.825,231,1
1800380,73.0,72.7,55.4,2.94,1.172,0.846,250,1
1800480,73.0,72.9,65.2,3.17,1.245,0.869,255,1
1800580,73.0,73.3,51.5,2.86,1.147,0.842,238,1
1800680,73.0,73.5,46.1,2.74,1.109,0.831,231,1
1800780,73.0,73.3,40.7,2.62,1.068,0.818,226,1
1800880,73.0,72.7,50.8,2.84,1.138,0.836,246,1
1800980,73.0,72.7,45.3,2.72,1.097,0.824,233,1
1801080,73.0,72.6,37.4,2.55,1.039,0.807,221,1
1801180,73.0,72.2,33.9,2.47,1.012,0.797,219,1
1801280,73.0,71.5,32.1,2.43,0.994,0.788,220,1
1801380,73.0,70.5,30.2,2.39,0.978,0.780,220,1
1801480,73.0,69.6,30.9,2.39,0.974,0.775,222,1
1801580,73.0,68.6,30.9,2.39,0.968,0.769,224,1
1801680,73.0,67.7,30.0,2.37,0.957,0.762,223,1
1801780,73.0,66.9,43.4,2.66,1.051,0.787,247,1
1801880,73.0,67.5,59.4,3.02,1.171,0.826,255,1
1801980,73.0,68.8,68.7,3.23,1.247,0.854,255,1
1802080,73.0,70.1,78.5,3.45,1.325,0.885,255,1
1802180,73.0,71.3,81.2,3.51,1.352,0.898,255,1
1802280,73.0,72.5,82.6,3.55,1.370,0.909,255,1
1802380,73.0,73.5,70.8,3.30,1.291,0.888,255,1
1802480,73.0,74.4,58.6,3.02,1.207,0.866,247,1
1802580,73.0,74.9,64.3,3.15,1.252,0.881,255,1
1802680,73.0,75.4,53.1,2.90,1.173,0.859,241,1
1802780,73.0,75.5,55.9,2.97,1.194,0.866,247,1
1802880,73.0,75.5,49.1,2.81,1.145,0.851,238,1
1802980,73.0,75.3,44.1,2.70,1.107,0.839,232,1
1803080,73.0,74.8,40.5,2.62,1.078,0.829,230,1
1803180,73.0,74.0,46.4,2.75,1.116,0.837,242,1
1803280,73.0,73.7,60.6,3.06,1.217,0.866,255,1
1803380,73.0,74.1,50.6,2.84,1.147,0.846,238,1
1803480,73.0,74.2,42.0,2.65,1.085,0.828,227,1
1803580,73.0,73.8,35.9,2.52,1.038,0.813,222,1
1803680,73.0,73.0,36.7,2.53,1.039,0.809,229,1
1803780,73.0,72.1,44.1,2.70,1.088,0.820,241,1
1803880,73.0,71.8,38.9,2.58,1.048,0.807,229,1
1803980,73.0,71.6,38.0,2.56,1.040,0.804,227,1
1804080,73.0,71.0,39.6,2.59,1.048,0.804,234,1
1804180,73.0,70.6,48.2,2.78,1.108,0.820,248,1
1804280,73.0,70.9,58.2,3.00,1.184,0.844,255,1
1804380,73.0,71.7,48.7,2.80,1.119,0.828,237,1
1804480,73.0,72.0,38.3,2.57,1.045,0.807,223,1
1804580,73.0,71.7,36.4,2.52,1.029,0.801,226,1
1804680,73.0,71.1,33.6,2.46,1.005,0.792,226,1
1804780,73.0,70.3,34.6,2.48,1.008,0.789,229,1
1804880,73.0,69.6,32.8,2.44,0.990,0.781,227,1
1804980,73.0,69.0,36.9,2.53,1.017,0.787,234,1
1805080,73.0,68.7,54.3,2.91,1.142,0.823,255,1
1805180,73.0,69.5,45.3,2.72,1.082,0.808,238,1
1805280,73.0,70.1,34.0,2.47,1.003,0.787,220,1
1805380,73.0,69.9,29.7,2.38,0.975,0.779,220,1
1805480,73.0,69.4,29.1,2.37,0.968,0.775,223,1
1805580,73.0,68.6,29.0,2.36,0.961,0.769,226,1
1805680,73.0,67.9,44.3,2.69,1.067,0.798,252,1
1805780,73.0,68.5,51.8,2.86,1.125,0.818,254,1
1805880,73.0,69.7,64.6,3.15,1.226,0.854,255,1
1805980,73.0,70.9,78.9,3.46,1.336,0.893,255,1
1806080,73.0,71.9,77.2,3.43,1.330,0.896,255,1
1806180,73.0,73.0,63.5,3.13,1.237,0.871,255,1
1806280,73.0,73.8,62.2,3.10,1.234,0.873,255,1
1806380,73.0,74.6,61.8,3.10,1.235,0.877,255,1
1806480,73.0,75.3,65.4,3.18,1.266,0.889,255,1
1806580,73.0,75.8,73.1,3.37,1.325,0.910,255,1
1806680,73.0,76.3,61.8,3.10,1.245,0.887,255,1
1806780,73.0,76.8,51.7,2.88,1.174,0.867,241,1
1806880,73.0,76.7,51.3,2.87,1.170,0.866,244,1
1806980,73.0,76.4,63.9,3.15,1.261,0.891,255,1
1807080,73.0,76.6,57.3,3.00,1.213,0.877,251,1
1807180,73.0,76.9,58.5,3.03,1.223,0.881,251,1
1807280,73.0,77.1,51.7,2.88,1.174,0.868,240,1
1807380,73.0,77.0,45.2,2.73,1.125,0.852,233,1
1807480,73.0,76.5,55.8,2.97,1.199,0.872,253,1
1807580,73.0,76.5,42.1,2.66,1.099,0.842,227,1
1807680,73.0,76.3,33.0,2.52,1.044,0.830,218,1
1807780,73.0,75.6,42.3,2.66,1.095,0.837,233,1
1807880,73.0,74.8,36.4,2.53,1.047,0.819,226,1
1807980,73.0,73.9,33.5,2.47,1.022,0.809,224,1
1808080,73.0,72.9,33.6,2.46,1.015,0.802,226,1
1808180,73.0,71.8,32.8,2.44,1.003,0.793,227,1
1808280,73.0,70.7,31.6,2.41,0.988,0.784,226,1
1808380,73.0,69.8,40.3,2.60,1.045,0.798,240,1
1808480,73.0,69.6,37.1,2.53,1.021,0.790,230,1
1808580,73.0,69.5,48.0,2.77,1.100,0.813,248,1
1808680,73.0,69.9,64.6,3.15,1.225,0.853,255,1
1808780,73.0,70.9,76.5,3.41,1.317,0.886,255,1
1808880,73.0,71.8,63.9,3.13,1.232,0.863,255,1
1808980,73.0,72.7,50.2,2.83,1.136,0.838,239,1
1809080,73.0,73.0,53.8,2.91,1.165,0.847,249,1
1809180,73.0,73.4,47.6,2.78,1.122,0.836,238,1
1809280,73.0,73.5,53.3,2.90,1.164,0.849,249,1
1809380,73.0,73.8,48.9,2.81,1.133,0.841,240,1
1809480,73.0,73.9,60.6,3.07,1.219,0.867,255,1
1809580,73.0,74.1,58.6,3.02,1.206,0.865,254,1
1809680,73.0,74.6,64.2,3.15,1.250,0.880,255,1
1809780,73.0,75.1,64.6,3.16,1.256,0.884,255,1
1809880,73.0,75.5,63.5,3.13,1.251,0.883,255,1
1809980,73.0,75.9,68.8,3.27,1.292,0.898,255,1
1810080,73.0,76.2,68.5,3.26,1.291,0.899,255,1
1810180,73.0,76.5,62.0,3.10,1.245,0.886,253,1
1810280,73.0,76.8,57.1,2.99,1.210,0.876,245,1
1810380,73.0,76.8,67.5,3.23,1.287,0.899,255,1
1810480,73.0,77.0,80.2,3.53,1.379,0.929,255,1
1810580,73.0,77.2,71.1,3.32,1.314,0.909,255,1
1810680,73.0,77.3,55.9,2.97,1.204,0.876,241,1
1810780,73.0,77.3,65.4,3.18,1.272,0.896,255,1
1810880,73.0,77.3,73.1,3.37,1.329,0.914,255,1
1810980,73.0,77.5,78.0,3.48,1.364,0.925,255,1
1811080,73.0,77.6,69.3,3.28,1.302,0.906,255,1
1811180,73.0,77.8,53.9,2.92,1.189,0.872,234,1
1811280,73.0,77.6,38.9,2.60,1.079,0.839,216,1
1811380,73.0,77.0,41.0,2.63,1.090,0.838,222,1
1811480,73.0,76.1,49.2,2.81,1.145,0.851,238,1
1811580,73.0,75.4,43.3,2.68,1.097,0.834,228,1
1811680,73.0,74.7,36.7,2.53,1.044,0.815,219,1
1811780,73.0,73.7,33.2,2.46,1.015,0.803,217,1
1811880,73.0,72.4,33.8,2.46,1.009,0.795,222,1
1811980,73.0,71.0,42.4,2.65,1.064,0.806,239,1
1812080,73.0,70.5,40.9,2.62,1.050,0.800,230,1
1812180,73.0,70.2,36.6,2.52,1.017,0.788,222,1
1812280,73.0,69.6,34.7,2.48,1.000,0.781,223,1
1812380,73.0,68.7,34.6,2.47,0.994,0.775,226,1
1812480,73.0,68.0,35.8,2.50,0.999,0.774,228,1
1812580,73.0,67.3,33.9,2.45,0.981,0.766,226,1
1812680,73.0,66.8,35.3,2.48,0.989,0.767,228,1
1812780,73.0,66.4,43.4,2.66,1.046,0.783,243,1
1812880,73.0,66.8,45.3,2.70,1.063,0.790,239,1
1812980,73.0,67.4,41.5,2.62,1.039,0.785,232,1
1813080,73.0,67.5,37.6,2.54,1.012,0.778,229,1
1813180,73.0,67.4,35.9,2.50,0.999,0.774,229,1
1813280,73.0,67.1,36.4,2.51,1.001,0.773,233,1
1813380,73.0,67.0,44.4,2.69,1.060,0.791,245,1
1813480,73.0,67.4,53.3,2.89,1.128,0.813,255,1
1813580,73.0,68.3,56.4,2.96,1.156,0.825,255,1
1813680,73.0,69.4,65.8,3.17,1.231,0.853,255,1
1813780,73.0,70.4,66.8,3.20,1.245,0.862,255,1
1813880,73.0,71.4,59.0,3.02,1.194,0.850,255,1
1813980,73.0,72.4,49.7,2.82,1.132,0.836,240,1
1814080,73.0,72.9,40.8,2.63,1.070,0.819,229,1
1814180,73.0,72.5,34.0,2.47,1.017,0.802,225,1
1814280,73.0,71.7,48.8,2.80,1.121,0.830,254,1
1814380,73.0,72.1,43.3,2.68,1.083,0.820,236,1
1814480,73.0,72.3,47.7,2.78,1.117,0.831,243,1
1814580,73.0,72.4,53.7,2.91,1.161,0.844,254,1
1814680,73.0,72.9,49.8,2.82,1.136,0.839,244,1
1814780,73.0,73.2,59.1,3.03,1.205,0.861,255,1
1814880,73.0,73.7,70.1,3.29,1.288,0.889,255,1
1814980,73.0,74.3,65.0,3.17,1.255,0.880,255,1
1815080,73.0,74.8,60.7,3.07,1.226,0.874,255,1
1815180,73.0,75.2,70.6,3.31,1.301,0.899,255,1
1815280,73.0,75.6,60.5,3.07,1.230,0.878,255,1
1815380,73.0,76.1,50.6,2.85,1.160,0.859,239,1
1815480,73.0,76.0,38.1,2.57,1.069,0.832,224,1
1815580,73.0,75.4,32.5,2.50,1.035,0.824,223,1
1815680,73.0,74.5,47.9,2.79,1.130,0.844,248,1
1815780,73.0,74.3,75.6,3.41,1.331,0.904,255,1
1815880,73.0,74.7,60.5,3.07,1.224,0.873,255,1
1815980,73.0,75.2,75.3,3.41,1.334,0.909,255,1
1816080,73.0,75.6,73.2,3.37,1.322,0.907,255,1
1816180,73.0,76.0,64.8,3.16,1.263,0.889,255,1
1816280,73.0,76.3,76.1,3.43,1.347,0.917,255,1
1816380,73.0,76.7,68.7,3.26,1.295,0.902,255,1
1816480,73.0,76.9,55.4,2.96,1.199,0.874,243,1
1816580,73.0,76.9,49.0,2.81,1.152,0.859,235,1
1816680,73.0,76.4,40.5,2.63,1.086,0.838,226,1
1816780,73.0,75.7,34.8,2.52,1.042,0.823,221,1
1816880,73.0,74.7,33.1,2.49,1.028,0.815,223,1
1816980,73.0,73.3,34.1,2.48,1.021,0.805,228,1
1817080,73.0,72.2,33.2,2.45,1.008,0.796,226,1
1817180,73.0,71.0,41.4,2.63,1.061,0.807,241,1
1817280,73.0,70.8,40.5,2.61,1.053,0.804,232,1
1817380,73.0,70.6,37.9,2.55,1.033,0.797,228,1
1817480,73.0,70.1,35.0,2.49,1.009,0.788,226,1
1817580,73.0,69.5,36.3,2.52,1.015,0.787,231,1
1817680,73.0,68.9,55.0,2.93,1.148,0.825,255,1
1817780,73.0,69.6,67.1,3.20,1.240,0.856,255,1
1817880,73.0,70.6,52.7,2.88,1.142,0.831,244,1
1817980,73.0,71.4,36.4,2.52,1.027,0.800,219,1
1818080,73.0,71.4,32.5,2.44,0.999,0.791,219,1
1818180,73.0,70.7,37.5,2.55,1.031,0.798,234,1
1818280,73.0,70.1,45.6,2.72,1.087,0.812,247,1
1818380,73.0,70.5,41.1,2.62,1.056,0.805,232,1
1818480,73.0,70.7,33.8,2.46,1.004,0.790,222,1
1818580,73.0,70.3,30.7,2.40,0.980,0.781,222,1
1818680,73.0,69.6,27.7,2.36,0.965,0.776,223,1
1818780,73.0,68.8,29.1,2.36,0.962,0.770,225,1
1818880,73.0,68.1,41.5,2.63,1.045,0.791,247,1
1818980,73.0,68.4,35.9,2.50,1.007,0.782,229,1
1819080,73.0,68.8,31.4,2.41,0.976,0.774,221,1
1819180,73.0,68.5,30.9,2.39,0.971,0.772,225,1
1819280,73.0,68.0,41.7,2.63,1.048,0.793,247,1
1819380,73.0,68.4,47.4,2.76,1.092,0.808,250,1
1819480,73.0,69.2,44.1,2.69,1.073,0.806,240,1
1819580,73.0,69.8,38.1,2.56,1.033,0.797,231,1
1819680,73.0,69.8,40.4,2.61,1.050,0.802,241,1
1819780,73.0,69.9,37.7,2.55,1.031,0.797,236,1
1819880,73.0,69.9,43.3,2.68,1.073,0.809,246,1
1819980,73.0,70.2,39.3,2.59,1.045,0.803,237,1
1820080,73.0,70.4,42.0,2.65,1.066,0.810,242,1
1820180,73.0,70.6,42.4,2.66,1.070,0.812,244,1
1820280,73.0,70.8,38.3,2.57,1.042,0.804,236,1
1820380,73.0,70.9,38.2,2.57,1.042,0.805,237,1
1820480,73.0,70.8,45.2,2.72,1.092,0.819,251,1
1820580,73.0,71.1,41.4,2.64,1.066,0.813,241,1
1820680,73.0,71.5,35.9,2.52,1.028,0.803,231,1
1820780,25.0,71.4,53.7,2.91,1.157,0.841,0,1
1820880,25.0,70.7,33.1,2.45,0.999,0.789,0,1
1820980,25.0,69.0,18.4,2.31,0.934,0.773,0,1
1821080,25.0,65.9,10.3,2.20,0.880,0.748,0,1
1821180,25.0,60.5,6.3,2.06,0.814,0.700,0,1
1821280,25.0,51.5,4.3,1.90,0.722,0.628,0,1
1821380,25.0,39.0,3.2,1.74,0.602,0.536,27,1
1821480,25.0,25.9,3.3,1.65,0.522,0.464,46,1
1821580,25.0,16.1,4.2,1.61,0.491,0.424,43,1
1821680,25.0,10.3,4.8,1.57,0.472,0.400,35,1
1821780,25.0,6.9,4.8,1.54,0.458,0.386,30,1
1821880,25.0,5.0,4.6,1.52,0.450,0.377,29,1
1821980,25.0,3.8,4.4,1.50,0.444,0.372,28,1
1822080,25.0,3.0,4.3,1.51,0.443,0.372,29,1
1822180,25.0,2.4,4.1,1.51,0.443,0.374,30,1
1822280,25.0,2.0,4.0,1.52,0.443,0.375,31,1
1822380,25.0,1.7,4.0,1.52,0.444,0.376,32,1
1822480,25.0,1.5,3.9,1.53,0.444,0.377,34,1
1822580,25.0,1.3,4.1,1.53,0.446,0.378,35,1
1822680,25.0,1.2,4.3,1.54,0.448,0.379,36,1
1822780,25.0,1.1,4.5,1.55,0.450,0.381,38,1
1822880,25.0,1.0,4.7,1.55,0.452,0.382,39,1
1822980,25.0,0.9,4.9,1.56,0.455,0.383,40,1
1823080,25.0,0.8,5.1,1.57,0.457,0.385,42,1
1823180,25.0,0.7,5.3,1.57,0.459,0.386,43,1
1823280,25.0,0.7,5.6,1.58,0.462,0.387,44,1
1823380,25.0,0.6,5.8,1.59,0.464,0.389,46,1
1823480,25.0,0.6,6.1,1.59,0.467,0.390,47,1
1823580,25.0,0.6,6.4,1.60,0.470,0.392,49,1
1823680,25.0,0.5,6.6,1.61,0.472,0.393,50,1
1823780,25.0,0.5,7.1,1.62,0.477,0.395,52,1
1823880,25.0,0.5,7.6,1.63,0.481,0.397,53,1
1823980,25.0,0.4,8.1,1.64,0.486,0.399,55,1
1824080,25.0,0.4,9.1,1.67,0.495,0.403,57,1
1824180,25.0,0.4,10.2,1.70,0.504,0.407,59,1
1824280,25.0,0.4,12.0,1.74,0.519,0.414,62,1
1824380,25.0,0.4,15.1,1.81,0.544,0.424,66,1
1824480,25.0,0.4,19.5,1.91,0.581,0.439,72,1
1824580,25.0,0.3,26.1,2.07,0.635,0.462,79,1
1824680,25.0,0.3,28.0,2.11,0.651,0.469,83,1
1824780,25.0,0.3,27.8,2.11,0.650,0.468,84,1
1824880,25.0,0.3,34.5,2.26,0.705,0.491,93,1
1824980,25.0,0.3,39.2,2.37,0.744,0.508,99,1
1825080,25.0,0.3,42.2,2.44,0.770,0.518,105,1
1825180,25.0,0.3,57.4,2.83,0.894,0.572,123,1
1825280,25.0,0.5,59.5,2.89,0.912,0.580,127,1
1825380,25.0,0.8,53.8,2.73,0.866,0.560,120,1
1825480,25.0,1.4,54.8,2.75,0.874,0.563,120,1
1825580,25.0,2.1,53.0,2.69,0.860,0.555,117,1
1825680,25.0,3.1,50.6,2.61,0.839,0.545,112,1
1825780,25.0,4.2,49.4,2.56,0.829,0.538,108,1
1825880,25.0,5.4,47.2,2.48,0.809,0.527,103,1
1825980,25.0,6.6,50.0,2.54,0.831,0.535,105,1
1826080,25.0,7.6,46.9,2.44,0.804,0.521,101,1
1826180,25.0,8.5,53.8,2.61,0.860,0.544,108,1
1826280,25.0,9.2,53.9,2.60,0.861,0.543,108,1
1826380,25.0,9.9,58.0,2.70,0.894,0.556,112,1
1826480,25.0,10.5,54.7,2.60,0.866,0.543,108,1
1826580,25.0,11.1,52.8,2.54,0.850,0.535,106,1
1826680,25.0,11.6,53.6,2.55,0.856,0.537,107,1
1826780,25.0,12.1,54.1,2.56,0.860,0.538,107,1
1826880,25.0,12.5,52.9,2.53,0.853,0.537,107,1
1826980,25.0,12.8,49.2,2.46,0.827,0.529,105,1
1827080,25.0,13.1,44.9,2.37,0.797,0.521,101,1
1827180,25.0,13.2,45.9,2.40,0.805,0.524,104,1
1827280,25.0,13.3,49.6,2.47,0.833,0.533,108,1
1827380,25.0,13.3,51.9,2.52,0.850,0.539,111,1
1827480,25.0,13.4,48.4,2.44,0.825,0.532,109,1
1827580,25.0,13.5,49.4,2.47,0.833,0.535,110,1
1827680,25.0,13.6,46.3,2.41,0.811,0.528,108,1
1827780,25.0,13.7,50.8,2.50,0.845,0.540,113,1
1827880,25.0,13.8,47.7,2.44,0.823,0.533,111,1
1827980,25.0,14.0,51.8,2.53,0.855,0.544,115,1
1828080,25.0,14.2,46.1,2.41,0.813,0.532,110,1
1828180,25.0,14.4,45.0,2.39,0.806,0.531,109,1
1828280,25.0,14.6,46.9,2.43,0.821,0.536,112,1
1828380,25.0,14.7,47.4,2.44,0.826,0.538,113,1
1828480,25.0,14.9,47.7,2.45,0.829,0.539,114,1
1828580,25.0,15.0,45.6,2.41,0.814,0.535,113,1
1828680,25.0,15.1,45.3,2.40,0.813,0.536,113,1
1828780,25.0,15.3,48.3,2.46,0.836,0.543,116,1
1828880,25.0,15.4,49.7,2.49,0.847,0.547,118,1
1828980,25.0,15.6,51.1,2.53,0.858,0.552,120,1
1829080,25.0,15.8,50.0,2.50,0.851,0.550,119,1
1829180,25.0,16.0,49.1,2.49,0.845,0.549,118,1
1829280,25.0,16.3,53.0,2.57,0.875,0.560,123,1
1829380,25.0,16.6,52.4,2.56,0.873,0.560,122,1
1829480,25.0,16.8,57.9,2.69,0.914,0.575,128,1
1829580,25.0,17.1,54.3,2.61,0.890,0.568,124,1
1829680,25.0,17.5,55.0,2.63,0.896,0.571,125,1
1829780,25.0,17.8,53.5,2.60,0.886,0.569,123,1
1829880,25.0,18.2,54.2,2.62,0.894,0.573,123,1
1829980,25.0,18.6,57.8,2.70,0.922,0.583,127,1
1830080,25.0,19.0,58.0,2.71,0.925,0.585,127,1
1830180,25.0,19.3,56.5,2.68,0.915,0.583,125,1
1830280,25.0,19.7,56.4,2.68,0.916,0.585,125,1
1830380,25.0,20.0,56.4,2.68,0.917,0.586,125,1
1830480,25.0,20.3,55.0,2.65,0.908,0.584,124,1
1830580,25.0,20.5,56.3,2.68,0.919,0.588,125,1
1830680,25.0,20.8,52.3,2.60,0.890,0.580,120,1
1830780,25.0,21.0,50.7,2.56,0.879,0.577,119,1
1830880,25.0,21.2,53.3,2.62,0.899,0.584,122,1
1830980,25.0,21.3,58.2,2.73,0.936,0.597,127,1
1831080,25.0,21.4,56.4,2.69,0.923,0.593,125,1
1831180,25.0,21.5,61.7,2.81,0.963,0.607,131,1
1831280,25.0,21.7,54.7,2.66,0.912,0.590,124,1
1831380,25.0,21.8,51.4,2.58,0.888,0.582,121,1
1831480,25.0,22.0,49.0,2.54,0.871,0.577,118,1
1831580,25.0,22.1,48.1,2.52,0.864,0.576,117,1
1831680,25.0,22.1,46.3,2.49,0.852,0.572,116,1
1831780,25.0,22.1,47.4,2.51,0.860,0.574,118,1
1831880,25.0,22.1,49.6,2.55,0.876,0.579,120,1
1831980,25.0,22.0,51.2,2.58,0.887,0.583,123,1
1832080,25.0,22.0,51.9,2.60,0.892,0.584,123,1
1832180,25.0,22.0,49.7,2.55,0.876,0.579,121,1
1832280,25.0,22.0,49.5,2.55,0.875,0.579,121,1
1832380,25.0,22.0,52.5,2.61,0.897,0.586,125,1
1832480,25.0,22.0,50.8,2.57,0.885,0.582,123,1
1832580,25.0,22.1,50.1,2.56,0.880,0.581,123,1
1832680,25.0,22.1,49.0,2.54,0.872,0.578,121,1
1832780,25.0,22.1,47.7,2.52,0.862,0.576,120,1
1832880,25.0,22.2,46.3,2.49,0.852,0.572,119,1
1832980,25.0,22.2,45.2,2.47,0.844,0.570,118,1
1833080,25.0,22.1,45.9,2.48,0.849,0.571,119,1
1833180,25.0,22.1,44.6,2.45,0.839,0.568,118,1
1833280,25.0,22.1,43.7,2.44,0.832,0.566,118,1
1833380,25.0,22.1,41.5,2.40,0.816,0.561,116,1
1833480,25.0,22.0,42.1,2.41,0.820,0.562,117,1
1833580,25.0,22.0,40.2,2.37,0.806,0.558,115,1
1833680,25.0,21.9,41.9,2.40,0.819,0.561,117,1
1833780,25.0,21.9,40.7,2.38,0.809,0.558,116,1
1833880,25.0,21.8,47.0,2.50,0.856,0.573,123,1
1833980,25.0,21.8,45.3,2.47,0.843,0.569,122,1
1834080,25.0,21.8,50.9,2.57,0.885,0.581,128,1
1834180,25.0,21.8,46.8,2.49,0.854,0.572,124,1
1834280,25.0,21.8,45.6,2.47,0.846,0.570,123,1
1834380,25.0,21.9,46.6,2.49,0.854,0.572,124,1
1834480,25.0,21.9,45.7,2.48,0.847,0.571,123,1
1834580,25.0,21.9,44.7,2.46,0.840,0.569,122,1
1834680,25.0,22.0,42.7,2.42,0.825,0.564,120,1
1834780,25.0,22.0,41.8,2.40,0.819,0.562,120,1
1834880,25.0,22.0,41.4,2.39,0.816,0.561,119,1
1834980,25.0,22.0,46.0,2.48,0.850,0.572,125,1
1835080,25.0,22.0,49.4,2.55,0.875,0.580,129,1
1835180,25.0,22.1,51.1,2.58,0.888,0.584,131,1
1835280,25.0,22.1,49.6,2.55,0.877,0.581,129,1
1835380,25.0,22.2,53.4,2.63,0.906,0.590,133,1
1835480,25.0,22.3,56.4,2.70,0.929,0.598,136,1
1835580,25.0,22.4,54.3,2.65,0.913,0.593,134,1
1835680,25.0,22.5,54.8,2.67,0.917,0.595,134,1
1835780,25.0,22.7,56.5,2.71,0.931,0.600,136,1
1835880,25.0,22.9,54.6,2.66,0.917,0.596,134,1
1835980,25.0,23.1,56.1,2.70,0.929,0.601,135,1
1836080,25.0,23.2,60.9,2.81,0.965,0.613,140,1
1836180,25.0,23.5,55.1,2.68,0.923,0.600,133,1
1836280,25.0,23.7,53.1,2.64,0.909,0.596,131,1
1836380,25.0,23.9,52.1,2.62,0.902,0.594,129,1
1836480,25.0,24.1,49.2,2.56,0.882,0.588,126,1
1836580,25.0,24.2,49.5,2.57,0.884,0.589,126,1
1836680,25.0,24.3,46.7,2.51,0.864,0.583,123,1
1836780,25.0,24.4,43.9,2.46,0.844,0.577,120,1
1836880,25.0,24.4,45.4,2.49,0.855,0.581,123,1
1836980,25.0,24.3,49.3,2.57,0.884,0.589,127,1
1837080,25.0,24.3,51.2,2.60,0.898,0.594,129,1
1837180,25.0,24.3,48.3,2.55,0.876,0.587,126,1
1837280,25.0,24.4,51.4,2.61,0.899,0.594,129,1
1837380,25.0,24.4,54.7,2.68,0.923,0.603,132,1
1837480,25.0,24.4,52.1,2.62,0.905,0.596,130,1
1837580,25.0,24.5,60.7,2.81,0.969,0.618,139,1
1837680,25.0,24.5,62.5,2.85,0.982,0.623,141,1
1837780,25.0,24.6,58.2,2.76,0.951,0.613,135,1
1837880,25.0,24.8,55.0,2.69,0.927,0.605,132,1
1837980,25.0,24.9,56.8,2.73,0.941,0.610,133,1
1838080,25.0,25.0,58.4,2.77,0.954,0.615,135,1
1838180,25.0,25.2,60.0,2.80,0.966,0.619,136,1
1838280,25.0,25.3,56.9,2.74,0.944,0.612,133,1
1838380,25.0,25.4,62.7,2.86,0.987,0.627,139,1
1838480,25.0,25.5,57.8,2.76,0.951,0.615,133,1
1838580,25.0,25.7,58.4,2.77,0.956,0.617,133,1
1838680,25.0,25.8,53.9,2.67,0.923,0.606,128,1
1838780,25.0,25.9,50.6,2.60,0.898,0.599,125,1
1838880,25.0,25.9,50.8,2.61,0.901,0.599,125,1
1838980,25.0,25.9,47.1,2.54,0.873,0.591,121,1
1839080,25.0,25.9,46.8,2.53,0.871,0.590,121,1
1839180,25.0,25.8,47.0,2.53,0.872,0.590,122,1
1839280,25.0,25.8,43.9,2.47,0.849,0.583,118,1
1839380,25.0,25.7,42.3,2.44,0.836,0.579,117,1
1839480,25.0,25.5,43.3,2.46,0.843,0.580,118,1
1839580,25.0,25.4,42.2,2.44,0.835,0.577,118,1
1839680,25.0,25.2,41.0,2.41,0.825,0.574,117,1
1839780,25.0,25.0,43.1,2.45,0.840,0.578,120,1
1839880,25.0,24.8,46.1,2.51,0.862,0.584,123,1
1839980,25.0,24.7,49.2,2.57,0.884,0.590,127,1
1840080,25.0,24.6,50.4,2.59,0.892,0.593,128,1
1840180,25.0,24.5,53.8,2.66,0.917,0.601,132,1
1840280,25.0,24.5,51.2,2.60,0.898,0.594,128,1
1840380,25.0,24.5,49.6,2.57,0.886,0.591,126,1
1840480,25.0,24.5,51.1,2.60,0.897,0.594,128,1
1840580,25.0,24.5,55.5,2.70,0.930,0.605,133,1
1840680,25.0,24.5,61.9,2.84,0.978,0.621,140,1
1840780,25.0,24.6,60.3,2.80,0.966,0.617,137,1
1840880,25.0,24.7,61.3,2.83,0.974,0.621,138,1
1840980,25.0,24.9,63.8,2.89,0.993,0.628,140,1
1841080,25.0,25.0,59.0,2.78,0.958,0.616,135,1
1841180,25.0,25.2,57.8,2.75,0.950,0.614,133,1
1841280,25.0,25.4,63.6,2.88,0.994,0.629,139,1
1841380,25.0,25.5,58.9,2.78,0.959,0.618,134,1
1841480,25.0,25.7,58.7,2.78,0.958,0.618,133,1
1841580,25.0,25.8,55.7,2.71,0.936,0.611,129,1
1841680,25.0,25.9,56.1,2.72,0.940,0.612,130,1
1841780,25.0,26.0,54.9,2.70,0.931,0.610,128,1
1841880,25.0,26.0,52.5,2.64,0.913,0.604,126,1
1841980,25.0,26.0,50.4,2.60,0.898,0.599,124,1
1842080,25.0,26.0,60.3,2.82,0.972,0.623,134,1
1842180,25.0,26.0,55.5,2.71,0.936,0.611,129,1
1842280,25.0,26.0,52.6,2.64,0.914,0.604,126,1
1842380,25.0,26.0,55.1,2.70,0.933,0.610,128,1
1842480,25.0,26.0,58.8,2.78,0.960,0.619,132,1
1842580,25.0,26.0,58.1,2.77,0.955,0.618,131,1
1842680,25.0,26.0,59.1,2.79,0.962,0.620,133,1
1842780,25.0,26.0,55.6,2.71,0.936,0.611,128,1
1842880,25.0,26.0,53.3,2.66,0.919,0.606,126,1
1842980,25.0,26.0,53.3,2.66,0.919,0.606,126,1
1843080,25.0,26.0,53.0,2.65,0.917,0.605,126,1
1843180,25.0,26.0,53.8,2.67,0.923,0.607,127,1
1843280,25.0,25.9,50.5,2.60,0.898,0.599,123,1
1843380,25.0,25.9,52.2,2.63,0.910,0.602,125,1
1843480,25.0,25.9,50.4,2.60,0.897,0.598,123,1
1843580,25.0,25.8,54.2,2.68,0.925,0.607,127,1
1843680,25.0,25.7,51.4,2.62,0.904,0.600,124,1
1843780,25.0,25.7,50.8,2.61,0.900,0.598,124,1
1843880,25.0,25.7,53.7,2.67,0.921,0.605,127,1
1843980,25.0,25.6,54.9,2.69,0.930,0.608,128,1
1844080,25.0,25.6,51.5,2.62,0.904,0.599,125,1
1844180,25.0,25.5,48.2,2.55,0.879,0.592,121,1
1844280,25.0,25.5,47.0,2.53,0.871,0.589,120,1
1844380,25.0,25.4,53.4,2.66,0.918,0.604,127,1
1844480,25.0,25.4,52.4,2.63,0.910,0.601,126,1
1844580,25.0,25.3,55.5,2.70,0.933,0.608,129,1
1844680,25.0,25.3,53.2,2.65,0.916,0.603,126,1
1844780,25.0,25.3,52.7,2.64,0.912,0.601,126,1
1844880,25.0,25.2,51.8,2.62,0.905,0.599,125,1
1844980,25.0,25.2,49.8,2.58,0.890,0.594,123,1
1845080,25.0,25.2,49.6,2.58,0.889,0.593,123,1
1845180,25.0,25.1,51.2,2.61,0.900,0.597,125,1
1845280,25.0,25.1,53.1,2.65,0.915,0.602,127,1
1845380,25.0,25.1,51.3,2.61,0.901,0.597,125,1
1845480,25.0,25.0,49.0,2.56,0.884,0.592,123,1
1845580,25.0,25.0,49.1,2.57,0.884,0.592,123,1
1845680,25.0,25.0,46.8,2.52,0.867,0.586,121,1
1845780,25.0,24.9,44.9,2.48,0.853,0.582,119,1
1845880,25.0,24.9,43.6,2.46,0.843,0.578,118,1
1845980,25.0,24.8,43.1,2.45,0.839,0.577,117,1
1846080,25.0,24.7,47.1,2.53,0.869,0.586,122,1
1846180,25.0,24.6,48.1,2.54,0.875,0.588,123,1
1846280,25.0,24.6,50.4,2.59,0.893,0.593,125,1
1846380,25.0,24.5,49.0,2.56,0.882,0.589,124,1
1846480,25.0,24.4,54.5,2.67,0.923,0.602,130,1
1846580,25.0,24.4,54.9,2.68,0.925,0.603,131,1
1846680,25.0,24.4,53.8,2.66,0.917,0.600,129,1
1846780,25.0,24.4,53.1,2.64,0.912,0.599,128,1
1846880,25.0,24.4,51.4,2.61,0.899,0.595,127,1
1846980,25.0,24.5,55.1,2.69,0.927,0.604,131,1
1847080,25.0,24.5,53.1,2.64,0.912,0.599,128,1
1847180,25.0,24.5,48.9,2.56,0.881,0.589,124,1
1847280,25.0,24.5,48.4,2.55,0.877,0.588,123,1
1847380,25.0,24.5,47.9,2.54,0.874,0.587,123,1
1847480,25.0,24.5,53.0,2.64,0.912,0.599,129,1
1847580,25.0,24.5,54.3,2.67,0.921,0.602,130,1
1847680,25.0,24.5,54.6,2.68,0.924,0.603,130,1
1847780,25.0,24.6,53.1,2.64,0.912,0.599,128,1
1847880,25.0,24.6,53.9,2.66,0.918,0.601,129,1
1847980,25.0,24.6,53.6,2.65,0.916,0.601,129,1
1848080,25.0,24.6,53.4,2.65,0.915,0.600,129,1
1848180,25.0,24.6,53.0,2.64,0.912,0.599,128,1
1848280,25.0,24.7,50.8,2.60,0.895,0.594,126,1
1848380,25.0,24.7,49.2,2.57,0.884,0.591,124,1
1848480,25.0,24.7,48.8,2.56,0.881,0.590,124,1
1848580,25.0,24.7,49.4,2.57,0.885,0.591,125,1
1848680,25.0,24.7,46.7,2.52,0.866,0.585,122,1
1848780,25.0,24.7,44.8,2.48,0.851,0.580,120,1
1848880,25.0,24.6,43.3,2.45,0.840,0.577,119,1
1848980,25.0,24.6,46.4,2.51,0.863,0.584,122,1
1849080,25.0,24.6,46.1,2.51,0.860,0.583,122,1
1849180,25.0,24.5,46.3,2.51,0.862,0.583,122,1
1849280,25.0,24.5,46.6,2.52,0.864,0.584,123,1
1849380,25.0,24.4,46.4,2.51,0.862,0.583,123,1
1849480,25.0,24.4,48.0,2.54,0.874,0.586,124,1
1849580,25.0,24.4,52.7,2.63,0.909,0.597,129,1
1849680,25.0,24.3,50.1,2.58,0.889,0.591,127,1
1849780,25.0,24.3,49.2,2.56,0.883,0.589,126,1
1849880,25.0,24.3,48.9,2.56,0.880,0.588,126,1
1849980,25.0,24.3,49.7,2.57,0.887,0.590,126,1
1850080,25.0,24.3,48.6,2.55,0.878,0.588,125,1
1850180,25.0,24.3,46.2,2.51,0.860,0.582,123,1
1850280,25.0,24.3,49.0,2.56,0.881,0.589,126,1
1850380,25.0,24.3,51.0,2.60,0.896,0.593,128,1
1850480,25.0,24.3,54.1,2.66,0.919,0.601,132,1
1850580,25.0,24.3,53.2,2.65,0.913,0.599,130,1
1850680,25.0,24.3,50.8,2.59,0.895,0.593,128,1
1850780,25.0,24.4,48.3,2.55,0.876,0.587,125,1
1850880,25.0,24.4,46.2,2.51,0.860,0.582,123,1
1850980,25.0,24.4,44.7,2.48,0.849,0.579,121,1
1851080,25.0,24.4,44.1,2.47,0.845,0.578,121,1
1851180,25.0,24.4,43.0,2.44,0.836,0.575,120,1
1851280,25.0,24.4,44.3,2.47,0.846,0.578,122,1
1851380,25.0,24.3,46.8,2.52,0.865,0.584,124,1
1851480,25.0,24.3,51.8,2.61,0.901,0.595,130,1
1851580,25.0,24.3,51.3,2.60,0.898,0.594,129,1
1851680,25.0,24.3,49.3,2.56,0.883,0.589,127,1
1851780,25.0,24.3,51.4,2.60,0.899,0.594,129,1
1851880,25.0,24.3,54.8,2.68,0.924,0.602,133,1
1851980,25.0,24.3,59.2,2.78,0.957,0.614,138,1
1852080,25.0,24.4,58.4,2.76,0.951,0.612,137,1
1852180,25.0,24.4,58.0,2.75,0.948,0.611,136,1
1852280,25.0,24.5,65.6,2.92,1.005,0.630,144,1
1852380,25.0,24.6,65.0,2.91,1.001,0.629,143,1
1852480,25.0,24.7,67.8,2.97,1.022,0.637,146,1
1852580,25.0,24.9,67.8,2.97,1.023,0.637,145,1
1852680,25.0,25.1,63.3,2.88,0.990,0.627,140,1
1852780,25.0,25.2,59.8,2.80,0.965,0.619,136,1
1852880,25.0,25.4,62.4,2.86,0.985,0.626,138,1
1852980,25.0,25.6,58.7,2.78,0.958,0.618,133,1
1853080,25.0,25.8,51.8,2.62,0.907,0.601,126,1
1853180,25.0,25.9,58.5,2.77,0.957,0.618,133,1
1853280,25.0,26.0,53.7,2.67,0.922,0.607,128,1
1853380,25.0,26.1,57.6,2.76,0.952,0.617,132,1
1853480,25.0,26.1,50.3,2.60,0.897,0.599,124,1
1853580,25.0,26.1,48.9,2.57,0.887,0.596,122,1
1853680,25.0,26.1,52.1,2.63,0.911,0.603,126,1
1853780,25.0,26.1,51.8,2.63,0.909,0.602,126,1
1853880,25.0,26.1,52.5,2.64,0.913,0.604,126,1
1853980,25.0,26.0,53.1,2.66,0.918,0.605,127,1
1854080,25.0,26.0,50.3,2.60,0.897,0.598,124,1
1854180,25.0,25.9,50.7,2.61,0.900,0.599,125,1
1854280,25.0,25.9,51.9,2.63,0.908,0.602,126,1
1854380,0.0,25.8,49.3,2.63,0.908,0.602,0,1
1854480,0.0,25.6,40.9,2.63,0.908,0.602,0,1
1854580,0.0,25.0,30.4,2.63,0.908,0.602,0,1
1854680,0.0,23.9,20.8,2.63,0.908,0.602,0,1
1854780,0.0,22.4,13.6,2.63,0.908,0.602,0,1
1854880,0.0,20.5,9.1,2.63,0.908,0.602,0,1
1854980,0.0,18.2,6.4,2.63,0.908,0.602,0,1
1855080,0.0,15.7,4.6,2.63,0.908,0.602,0,1
1855180,0.0,13.3,3.5,2.63,0.908,0.602,0,1
1855280,0.0,11.0,2.7,2.63,0.908,0.602,0,1
1855380,0.0,9.1,2.1,2.63,0.908,0.602,0,1
1855480,0.0,7.5,1.8,2.63,0.908,0.602,0,1
1855580,0.0,6.2,1.5,2.63,0.908,0.602,0,0
1855680,0.0,5.1,1.3,2.63,0.908,0.602,0,0
1855780,0.0,4.3,1.1,2.63,0.908,0.602,0,0
1855880,0.0,3.7,0.9,2.63,0.908,0.602,0,0
1855980,0.0,3.2,0.8,2.63,0.908,0.602,0,0
1856080,0.0,2.8,0.7,2.63,0.908,0.602,0,0
1856180,0.0,2.4,0.6,2.63,0.908,0.602,0,0
1856280,0.0,2.2,0.6,2.63,0.908,0.602,0,0
1856380,0.0,1.9,0.5,2.63,0.908,0.602,0,0
1856480,0.0,1.7,0.4,2.63,0.908,0.602,0,0
1856580,0.0,1.6,0.4,2.63,0.908,0.602,0,0
1856680,0.0,1.4,0.3,2.63,0.908,0.602,0,0
1856780,0.0,1.3,0.3,2.63,0.908,0.602,0,0
1856880,0.0,1.2,0.3,2.63,0.908,0.602,0,0
1856980,0.0,1.1,0.2,2.63,0.908,0.602,0,0
1857080,0.0,1.0,0.2,2.63,0.908,0.602,0,0
1857180,0.0,1.0,0.2,2.63,0.908,0.602,0,0
1857280,0.0,0.9,0.1,2.63,0.908,0.602,0,0
1857380,0.0,0.8,0.1,2.63,0.908,0.602,0,0
1857480,0.0,0.8,0.1,2.63,0.908,0.602,0,0
1857580,0.0,0.8,0.1,2.63,0.908,0.602,0,0
1857680,0.0,0.7,0.1,2.63,0.908,0.602,0,0
1857780,0.0,0.7,0.0,2.63,0.908,0.602,0,0
1857880,0.0,0.6,0.0,2.63,0.908,0.602,0,0
1857980,0.0,0.6,0.0,2.63,0.908,0.602,0,0
1858080,0.0,0.6,0.0,2.63,0.908,0.602,0,0
1858180,0.0,0.6,-0.0,2.63,0.908,0.602,0,0
1858280,0.0,0.5,-0.0,2.63,0.908,0.602,0,0
1858380,0.0,0.5,-0.0,2.63,0.908,0.602,0,0
1858480,0.0,0.5,-0.0,2.63,0.908,0.602,0,0
1858580,0.0,0.5,-0.0,2.63,0.908,0.602,0,0
1858680,0.0,0.4,-0.0,2.63,0.908,0.602,0,0
1858780,0.0,0.4,-0.1,2.63,0.908,0.602,0,0
1858880,0.0,0.4,-0.1,2.63,0.908,0.602,0,0
1858980,0.0,0.4,-0.1,2.63,0.908,0.602,0,0
1859080,0.0,0.4,-0.1,2.63,0.908,0.602,0,0
1859180,0.0,0.4,-0.1,2.63,0.908,0.602,0,0
1859280,0.0,0.4,-0.1,2.63,0.908,0.602,0,0
1859380,0.0,0.3,-0.1,2.63,0.908,0.602,0,0
1859480,0.0,0.3,-0.1,2.63,0.908,0.602,0,0
1859580,0.0,0.3,-0.1,2.63,0.908,0.602,0,0
1859680,0.0,0.3,-0.1,2.63,0.908,0.602,0,0
1859780,0.0,0.3,-0.1,2.63,0.908,0.602,0,0
1859880,0.0,0.3,-0.1,2.63,0.908,0.602,0,0
1859980,0.0,0.3,-0.1,2.63,0.908,0.602,0,0
1860080,0.0,0.3,-0.1,2.63,0.908,0.602,0,0
1860180,0.0,0.3,-0.1,2.63,0.908,0.602,0,0
1860280,0.0,0.3,-0.1,2.63,0.908,0.602,0,0
1860380,0.0,0.3,-0.1,2.63,0.908,0.602,0,0
1860480,0.0,0.3,-0.1,2.63,0.908,0.602,0,0
1860580,0.0,0.2,-0.1,2.63,0.908,0.602,0,0
1860680,0.0,0.2,-0.1,2.63,0.908,0.602,0,0
1860780,0.0,0.2,-0.2,2.63,0.908,0.602,0,0
1860880,0.0,0.2,-0.2,2.63,0.908,0.602,0,0
1860980,0.0,0.2,-0.2,2.63,0.908,0.602,0,0
1861080,0.0,0.2,-0.2,2.63,0.908,0.602,0,0
1861180,0.0,0.2,-0.2,2.63,0.908,0.602,0,0
1861280,0.0,0.2,-0.2,2.63,0.908,0.602,0,0
1861380,0.0,0.2,-0.2,2.63,0.908,0.602,0,0
1861480,0.0,0.2,-0.2,2.63,0.908,0.602,0,0
1861580,0.0,0.2,-0.2,2.63,0.908,0.602,0,0
1861680,0.0,0.2,-0.2,2.63,0.908,0.602,0,0
1861780,0.0,0.2,-0.2,2.63,0.908,0.602,0,0
1861880,0.0,0.2,-0.2,2.63,0.908,0.602,0,0
1861980,0.0,0.2,-0.2,2.63,0.908,0.602,0,0
1862080,0.0,0.2,-0.2,2.63,0.908,0.602,0,0
1862180,0.0,0.2,-0.2,2.63,0.908,0.602,0,0
1862280,0.0,0.2,-0.2,2.63,0.908,0.602,0,0
1862380,0.0,0.2,-0.2,2.63,0.908,0.602,0,0
1862480,0.0,0.2,-0.2,2.63,0.908,0.602,0,0
1862580,0.0,0.2,-0.2,2.63,0.908,0.602,0,0
1862680,0.0,0.2,-0.2,2.63,0.908,0.602,0,0
1862780,0.0,0.2,-0.2,2.63,0.908,0.602,0,0
1862880,0.0,0.2,-0.2,2.63,0.908,0.602,0,0
1862980,0.0,0.2,-0.2,2.63,0.908,0.602,0,0
1863080,0.0,0.2,-0.2,2.63,0.908,0.602,0,0
1863180,0.0,0.1,-0.2,2.63,0.908,0.602,0,0
1863280,0.0,0.1,-0.2,2.63,0.908,0.602,0,0
1863380,0.0,0.1,-0.2,2.63,0.908,0.602,0,0
1863480,0.0,0.1,-0.2,2.63,0.908,0.602,0,0
1863580,0.0,0.1,-0.2,2.63,0.908,0.602,0,0
1863680,0.0,0.1,-0.2,2.63,0.908,0.602,0,0
1863780,0.0,0.1,-0.2,2.63,0.908,0.602,0,0
1863880,0.0,0.1,-0.2,2.63,0.908,0.602,0,0
1863980,0.0,0.1,-0.2,2.63,0.908,0.602,0,0
1864080,0.0,0.1,-0.2,2.63,0.908,0.602,0,0
1864180,0.0,0.1,-0.2,2.63,0.908,0.602,0,0
1864280,0.0,0.1,-0.2,2.63,0.908,0.602,0,0
1864380,0.0,0.1,-0.2,2.63,0.908,0.602,0,0
1864480,0.0,0.1,-0.2,2.63,0.908,0.602,0,0
1864580,0.0,0.1,-0.2,2.63,0.908,0.602,0,0
1864680,50.0,0.1,-0.2,1.50,0.200,0.050,100,0
1864780,50.0,0.1,0.8,1.50,0.200,0.050,76,0
1864880,50.0,0.1,1.8,1.50,0.200,0.050,77,0
1864980,50.0,0.1,2.9,1.50,0.200,0.050,78,0
1865080,50.0,0.1,4.9,1.50,0.200,0.050,79,0
1865180,50.0,0.1,7.7,1.50,0.200,0.050,80,0
1865280,50.0,0.1,12.8,1.50,0.200,0.050,81,0
1865380,50.0,0.1,17.7,1.50,0.200,0.050,82,0
1865480,50.0,0.1,22.9,1.50,0.200,0.050,83,0
1865580,50.0,0.1,26.3,1.50,0.200,0.050,84,0
1865680,50.0,0.1,25.8,1.50,0.200,0.050,85,0
1865780,50.0,0.1,27.8,1.50,0.200,0.050,86,0
1865880,50.0,0.1,28.9,1.50,0.200,0.050,87,0
1865980,50.0,0.1,29.7,1.50,0.200,0.050,88,0
1866080,50.0,0.1,30.3,1.50,0.200,0.050,89,0
1866180,50.0,0.1,32.1,1.50,0.200,0.050,90,0
1866280,50.0,0.1,32.8,1.50,0.200,0.050,91,0
1866380,50.0,0.1,33.5,1.50,0.200,0.050,92,0
1866480,50.0,0.1,33.6,1.50,0.200,0.050,93,0
1866580,50.0,0.1,34.1,1.50,0.200,0.050,94,0
1866680,50.0,0.1,36.6,1.50,0.200,0.050,95,0
1866780,50.0,0.1,37.9,1.50,0.200,0.050,96,0
1866880,50.0,0.1,39.6,1.50,0.200,0.050,97,0
1866980,50.0,0.1,42.1,1.50,0.200,0.050,98,0
1867080,50.0,0.1,41.5,1.50,0.200,0.050,99,0
1867180,50.0,0.1,40.0,1.50,0.200,0.050,100,0
1867280,50.0,0.1,39.5,1.50,0.200,0.050,101,0
1867380,50.0,0.1,41.1,1.50,0.200,0.050,102,0
1867480,50.0,0.1,45.0,1.50,0.200,0.050,103,0
1867580,50.0,0.1,43.1,1.50,0.200,0.050,104,0
1867680,50.0,0.1,42.4,1.50,0.200,0.050,105,0
1867780,50.0,0.1,44.4,1.50,0.200,0.050,106,0
1867880,50.0,0.1,51.6,1.50,0.200,0.050,107,0
1867980,50.0,0.1,58.7,1.50,0.200,0.050,108,0
1868080,50.0,0.1,58.9,1.50,0.200,0.050,109,0
1868180,50.0,0.1,59.6,1.50,0.200,0.050,110,0
1868280,50.0,0.1,59.9,1.50,0.200,0.050,111,0
1868380,50.0,0.1,58.6,1.50,0.200,0.050,112,0
1868480,50.0,0.1,61.8,1.50,0.200,0.050,113,0
1868580,50.0,0.1,62.7,1.50,0.200,0.050,114,0
1868680,50.0,0.1,61.1,1.50,0.200,0.050,115,0
1868780,50.0,0.1,62.9,1.50,0.200,0.050,116,0
1868880,50.0,0.1,61.8,1.50,0.200,0.050,117,0
1868980,50.0,0.1,66.9,1.50,0.200,0.050,118,0
1869080,50.0,0.1,65.0,1.50,0.200,0.050,119,0
1869180,50.0,0.1,65.6,1.50,0.200,0.050,120,0
1869280,50.0,0.1,74.1,1.50,0.200,0.050,121,0
1869380,50.0,0.1,70.1,1.50,0.200,0.050,122,0
1869480,50.0,0.2,75.2,1.50,0.200,0.050,123,0
1869580,50.0,0.3,75.6,1.50,0.200,0.050,124,0
1869680,50.0,0.5,70.5,1.50,0.200,0.050,125,0
1869780,50.0,0.7,64.9,1.50,0.200,0.050,125,0
1869880,50.0,1.1,57.2,1.50,0.200,0.050,125,0
1869980,50.0,1.7,51.9,1.50,0.200,0.050,126,0
1870080,50.0,2.4,61.7,1.50,0.200,0.050,125,0
1870180,50.0,3.5,53.4,1.50,0.200,0.050,124,0
1870280,50.0,4.8,46.6,1.50,0.200,0.050,123,0
1870380,50.0,6.4,44.8,1.50,0.200,0.050,122,0
1870480,50.0,8.1,42.9,1.50,0.200,0.050,120,0
1870580,50.0,10.0,46.5,1.50,0.200,0.050,118,0
1870680,50.0,11.6,49.2,1.50,0.200,0.050,116,0
1870780,50.0,13.2,46.2,1.50,0.200,0.050,114,0
1870880,50.0,14.4,48.9,1.50,0.200,0.050,114,0
1870980,50.0,15.4,48.9,1.50,0.200,0.050,113,0
1871080,50.0,16.2,52.4,1.50,0.200,0.050,113,0
1871180,50.0,16.7,54.0,1.50,0.200,0.050,113,0
1871280,50.0,17.1,52.5,1.50,0.200,0.050,113,0
1871380,50.0,17.3,56.9,1.50,0.200,0.050,113,0
1871480,50.0,17.5,58.2,1.50,0.200,0.050,113,0
1871580,50.0,17.6,54.2,1.50,0.200,0.050,114,0
1871680,50.0,17.7,49.2,1.50,0.200,0.050,114,0
1871780,50.0,17.8,43.8,1.50,0.200,0.050,115,0
1871880,50.0,17.9,45.0,1.50,0.200,0.050,115,0
1871980,50.0,18.0,48.7,1.50,0.200,0.050,116,0
1872080,50.0,18.1,49.4,1.50,0.200,0.050,116,0
1872180,50.0,18.3,47.5,1.50,0.200,0.050,117,0
1872280,50.0,18.4,48.4,1.50,0.200,0.050,117,0
1872380,50.0,18.4,46.7,1.50,0.200,0.050,118,0
1872480,50.0,18.6,48.5,1.50,0.200,0.050,118,0
1872580,50.0,18.7,47.6,1.50,0.200,0.050,119,0
1872680,50.0,18.7,46.6,1.50,0.200,0.050,119,0
1872780,50.0,18.8,48.7,1.50,0.200,0.050,120,0
1872880,50.0,18.9,47.7,1.50,0.200,0.050,120,0
1872980,50.0,19.1,46.2,1.50,0.200,0.050,121,0
1873080,50.0,19.3,50.3,1.50,0.200,0.050,121,0
1873180,50.0,19.4,53.3,1.50,0.200,0.050,121,0
1873280,50.0,19.5,55.0,1.50,0.200,0.050,122,0
1873380,50.0,19.7,56.7,1.50,0.200,0.050,122,0
1873480,50.0,19.8,55.1,1.50,0.200,0.050,123,0
1873580,50.0,19.9,55.8,1.50,0.200,0.050,123,0
1873680,50.0,20.0,52.3,1.50,0.200,0.050,123,0
1873780,50.0,20.2,47.6,1.50,0.200,0.050,124,0
1873880,50.0,20.3,46.0,1.50,0.200,0.050,124,0
1873980,50.0,20.5,48.0,1.50,0.200,0.050,125,0
1874080,50.0,20.7,55.2,1.50,0.200,0.050,125,0
1874180,50.0,20.8,55.2,1.50,0.200,0.050,125,0
1874280,50.0,21.0,53.8,1.50,0.200,0.050,126,0
1874380,50.0,21.1,51.7,1.50,0.200,0.050,126,0
1874480,50.0,21.3,55.3,1.50,0.200,0.050,126,0
1874580,50.0,21.4,55.2,1.50,0.200,0.050,127,0
1874680,50.0,21.6,53.6,1.50,0.200,0.050,127,0
1874780,50.0,21.8,52.6,1.50,0.200,0.050,127,0
1874880,50.0,21.9,53.5,1.50,0.200,0.050,128,0
1874980,50.0,22.1,51.3,1.50,0.200,0.050,128,0
1875080,50.0,22.2,53.0,1.50,0.200,0.050,128,0
1875180,50.0,22.4,53.5,1.50,0.200,0.050,129,0
1875280,50.0,22.6,51.5,1.50,0.200,0.050,129,0
1875380,50.0,22.7,50.0,1.50,0.200,0.050,129,0
1875480,50.0,22.9,53.8,1.50,0.200,0.050,129,0
1875580,50.0,23.1,60.9,1.50,0.200,0.050,130,0
1875680,50.0,23.2,58.0,1.50,0.200,0.050,130,0
1875780,50.0,23.3,52.4,1.50,0.200,0.050,130,0
1875880,50.0,23.5,53.6,1.50,0.200,0.050,131,0
1875980,50.0,23.7,50.3,1.50,0.200,0.050,131,0
1876080,50.0,23.8,49.7,1.50,0.200,0.050,131,0
1876180,50.0,24.0,49.8,1.50,0.200,0.050,132,0
1876280,50.0,24.1,46.7,1.50,0.200,0.050,132,0
1876380,50.0,24.3,46.8,1.50,0.200,0.050,132,0
1876480,50.0,24.4,49.8,1.50,0.200,0.050,132,0
1876580,50.0,24.6,55.3,1.50,0.200,0.050,133,0
1876680,50.0,24.7,53.0,1.50,0.200,0.050,133,0
1876780,50.0,24.9,49.8,1.50,0.200,0.050,133,0
1876880,50.0,25.0,46.2,1.50,0.200,0.050,133,0
1876980,50.0,25.2,44.6,1.50,0.200,0.050,134,0
1877080,50.0,25.3,44.6,1.50,0.200,0.050,134,0
1877180,50.0,25.4,41.9,1.50,0.200,0.050,134,0
1877280,50.0,25.5,39.7,1.50,0.200,0.050,135,0
1877380,50.0,25.7,41.6,1.50,0.200,0.050,135,0
1877480,50.0,25.8,45.0,1.50,0.200,0.050,135,0
1877580,50.0,25.9,50.8,1.50,0.200,0.050,136,0
1877680,50.0,26.1,46.5,1.50,0.200,0.050,136,0
1877780,50.0,26.2,48.3,1.50,0.200,0.050,136,0
1877880,50.0,26.3,47.2,1.50,0.200,0.050,136,0
1877980,50.0,26.4,46.8,1.50,0.200,0.050,137,0
1878080,50.0,26.6,49.1,1.50,0.200,0.050,137,0
1878180,50.0,26.7,54.0,1.50,0.200,0.050,137,0
1878280,50.0,26.9,51.0,1.50,0.200,0.050,137,0
1878380,50.0,27.0,51.2,1.50,0.200,0.050,138,0
1878480,50.0,27.1,50.4,1.50,0.200,0.050,138,0
1878580,50.0,27.2,49.4,1.50,0.200,0.050,138,0
1878680,50.0,27.3,49.0,1.50,0.200,0.050,139,0
1878780,50.0,27.5,47.3,1.50,0.200,0.050,139,0
1878880,50.0,27.6,51.5,1.50,0.200,0.050,139,0
1878980,50.0,27.7,53.3,1.50,0.200,0.050,139,0
1879080,50.0,27.8,61.9,1.50,0.200,0.050,140,0
1879180,50.0,27.9,55.2,1.50,0.200,0.050,140,0
1879280,50.0,28.1,49.8,1.50,0.200,0.050,140,0
1879380,50.0,28.2,52.1,1.50,0.200,0.050,140,0
1879480,50.0,28.3,49.4,1.50,0.200,0.050,141,0
1879580,50.0,28.4,48.2,1.50,0.200,0.050,141,0
1879680,50.0,28.6,49.8,1.50,0.200,0.050,141,0
1879780,50.0,28.7,49.3,1.50,0.200,0.050,141,0
1879880,50.0,28.8,48.3,1.50,0.200,0.050,142,0
1879980,50.0,28.9,48.7,1.50,0.200,0.050,142,0
1880080,50.0,29.0,50.8,1.50,0.200,0.050,142,0
1880180,50.0,29.1,47.1,1.50,0.200,0.050,142,0
1880280,50.0,29.2,48.1,1.50,0.200,0.050,143,0
1880380,50.0,29.4,48.2,1.50,0.200,0.050,143,0
1880480,50.0,29.4,51.5,1.50,0.200,0.050,143,0
1880580,50.0,29.6,48.8,1.50,0.200,0.050,143,0
1880680,50.0,29.7,48.4,1.50,0.200,0.050,144,0
1880780,50.0,29.8,46.2,1.50,0.200,0.050,144,0
1880880,50.0,29.9,49.9,1.50,0.200,0.050,144,0
1880980,50.0,30.0,58.1,1.50,0.200,0.050,144,0
1881080,50.0,30.1,60.6,1.50,0.200,0.050,145,0
1881180,50.0,30.2,64.3,1.50,0.200,0.050,145,0
1881280,50.0,30.3,58.8,1.50,0.200,0.050,145,0
1881380,50.0,30.4,66.8,1.50,0.200,0.050,145,0
1881480,50.0,30.5,68.8,1.50,0.200,0.050,145,0
1881580,50.0,30.6,60.0,1.50,0.200,0.050,146,0
1881680,50.0,30.7,52.0,1.50,0.200,0.050,146,0
1881780,50.0,30.9,49.3,1.50,0.200,0.050,146,0
1881880,50.0,31.0,48.2,1.50,0.200,0.050,146,0
1881980,50.0,31.1,49.4,1.50,0.200,0.050,147,0
1882080,50.0,31.2,48.9,1.50,0.200,0.050,147,0
1882180,50.0,31.3,46.0,1.50,0.200,0.050,147,0
1882280,50.0,31.4,46.0,1.50,0.200,0.050,147,0
1882380,50.0,31.5,50.7,1.50,0.200,0.050,148,0
1882480,50.0,31.6,54.4,1.50,0.200,0.050,148,0
1882580,50.0,31.7,61.6,1.50,0.200,0.050,148,0
1882680,50.0,31.8,55.9,1.50,0.200,0.050,148,0
1882780,50.0,31.9,51.5,1.50,0.200,0.050,148,0
1882880,50.0,32.0,52.7,1.50,0.200,0.050,149,0
1882980,50.0,32.1,50.0,1.50,0.200,0.050,149,0
1883080,50.0,32.2,45.4,1.50,0.200,0.050,149,0
1883180,50.0,32.2,46.6,1.50,0.200,0.050,149,0
1883280,50.0,32.3,45.0,1.50,0.200,0.050,149,0
1883380,50.0,32.4,44.5,1.50,0.200,0.050,150,0
1883480,50.0,32.5,49.6,1.50,0.200,0.050,150,0
1883580,50.0,32.6,52.0,1.50,0.200,0.050,150,0
1883680,50.0,32.7,64.5,1.50,0.200,0.050,150,0
1883780,50.0,32.8,59.6,1.50,0.200,0.050,151,0
1883880,50.0,32.9,59.0,1.50,0.200,0.050,151,0
1883980,50.0,33.0,62.2,1.50,0.200,0.050,151,0
1884080,50.0,33.1,56.8,1.50,0.200,0.050,151,0
1884180,50.0,33.1,49.2,1.50,0.200,0.050,151,0
1884280,50.0,33.2,49.0,1.50,0.200,0.050,152,0
1884380,50.0,33.3,57.4,1.50,0.200,0.050,152,0
1884480,50.0,33.4,64.0,1.50,0.200,0.050,152,0
1884580,50.0,33.5,58.8,1.50,0.200,0.050,152,0
1884680,50.0,33.6,60.1,1.50,0.200,0.050,152,0
1884780,50.0,33.7,49.7,1.50,0.200,0.050,153,0
1884880,50.0,33.7,45.5,1.50,0.200,0.050,153,0
1884980,50.0,33.8,43.0,1.50,0.200,0.050,153,0
1885080,50.0,33.9,48.5,1.50,0.200,0.050,153,0
1885180,50.0,34.0,50.9,1.50,0.200,0.050,153,0
1885280,50.0,34.1,51.7,1.50,0.200,0.050,154,0
1885380,50.0,34.1,49.8,1.50,0.200,0.050,154,0
1885480,50.0,34.2,47.1,1.50,0.200,0.050,154,0
1885580,50.0,34.3,51.2,1.50,0.200,0.050,154,0
1885680,50.0,34.4,53.3,1.50,0.200,0.050,154,0
1885780,50.0,34.5,55.6,1.50,0.200,0.050,154,0
1885880,50.0,34.6,52.9,1.50,0.200,0.050,155,0
1885980,50.0,34.6,61.6,1.50,0.200,0.050,155,0
1886080,50.0,34.7,66.6,1.50,0.200,0.050,155,0
1886180,50.0,34.8,63.8,1.50,0.200,0.050,155,0
1886280,50.0,34.9,62.8,1.50,0.200,0.050,155,0
1886380,50.0,34.9,58.1,1.50,0.200,0.050,156,0
1886480,50.0,35.0,55.7,1.50,0.200,0.050,156,0
1886580,50.0,35.1,53.9,1.50,0.200,0.050,156,0
1886680,50.0,35.2,56.4,1.50,0.200,0.050,156,0
1886780,50.0,35.3,57.1,1.50,0.200,0.050,156,0
1886880,50.0,35.3,57.6,1.50,0.200,0.050,157,0
1886980,50.0,35.4,55.1,1.50,0.200,0.050,157,0
1887080,50.0,35.5,57.4,1.50,0.200,0.050,157,0
1887180,50.0,35.6,52.6,1.50,0.200,0.050,157,0
1887280,50.0,35.7,52.0,1.50,0.200,0.050,157,0
1887380,50.0,35.7,53.5,1.50,0.200,0.050,157,0
1887480,50.0,35.8,49.3,1.50,0.200,0.050,158,0
1887580,50.0,35.9,52.6,1.50,0.200,0.050,158,0
1887680,50.0,35.9,50.6,1.50,0.200,0.050,158,0
1887780,50.0,36.0,53.8,1.50,0.200,0.050,158,0
1887880,50.0,36.1,47.4,1.50,0.200,0.050,158,0
1887980,50.0,36.1,52.5,1.50,0.200,0.050,158,0
1888080,50.0,36.2,48.3,1.50,0.200,0.050,159,0
1888180,50.0,36.3,39.7,1.50,0.200,0.050,159,0
1888280,50.0,36.4,35.0,1.50,0.200,0.050,159,0
1888380,50.0,36.4,39.3,1.50,0.200,0.050,159,0
1888480,50.0,36.5,39.9,1.50,0.200,0.050,159,0
1888580,50.0,36.6,40.8,1.50,0.200,0.050,159,0
1888680,50.0,36.6,40.9,1.50,0.200,0.050,160,0
1888780,50.0,36.7,39.3,1.50,0.200,0.050,160,0
1888880,50.0,36.8,39.9,1.50,0.200,0.050,160,0
1888980,50.0,36.8,41.7,1.50,0.200,0.050,160,0
1889080,50.0,36.9,41.4,1.50,0.200,0.050,160,0
1889180,50.0,37.0,41.2,1.50,0.200,0.050,160,0
1889280,50.0,37.0,42.7,1.50,0.200,0.050,161,0
1889380,50.0,37.1,43.9,1.50,0.200,0.050,161,0
1889480,50.0,37.1,44.3,1.50,0.200,0.050,161,0
1889580,50.0,37.2,43.2,1.50,0.200,0.050,161,0
1889680,50.0,37.3,48.6,1.50,0.200,0.050,161,0
1889780,50.0,37.3,45.5,1.50,0.200,0.050,161,0
1889880,50.0,37.4,43.8,1.50,0.200,0.050,162,0
1889980,50.0,37.4,41.7,1.50,0.200,0.050,162,0
1890080,50.0,37.5,40.1,1.50,0.200,0.050,162,0
1890180,50.0,37.6,50.4,1.50,0.200,0.050,162,0
1890280,50.0,37.6,44.1,1.50,0.200,0.050,162,0
1890380,50.0,37.7,51.7,1.50,0.200,0.050,162,0
1890480,50.0,37.8,41.9,1.50,0.200,0.050,163,0
1890580,50.0,37.8,35.3,1.50,0.200,0.050,163,0
1890680,50.0,37.9,38.5,1.50,0.200,0.050,163,0
1890780,50.0,38.0,43.5,1.50,0.200,0.050,163,0
1890880,50.0,38.0,46.1,1.50,0.200,0.050,163,0
1890980,50.0,38.1,41.4,1.50,0.200,0.050,163,0
1891080,50.0,38.1,41.2,1.50,0.200,0.050,163,0
1891180,50.0,38.2,39.6,1.50,0.200,0.050,164,0
1891280,50.0,38.3,37.8,1.50,0.200,0.050,164,0
1891380,50.0,38.3,35.2,1.50,0.200,0.050,164,0
1891480,50.0,38.4,37.7,1.50,0.200,0.050,164,0
1891580,50.0,38.5,49.1,1.50,0.200,0.050,164,0
1891680,50.0,38.5,55.4,1.50,0.200,0.050,164,0
1891780,50.0,38.6,59.1,1.50,0.200,0.050,164,0
1891880,50.0,38.6,57.8,1.50,0.200,0.050,165,0
1891980,50.0,38.7,50.4,1.50,0.200,0.050,165,0
1892080,50.0,38.8,52.1,1.50,0.200,0.050,165,0
1892180,50.0,38.8,61.8,1.50,0.200,0.050,165,0
1892280,50.0,38.9,59.0,1.50,0.200,0.050,165,0
1892380,50.0,38.9,54.2,1.50,0.200,0.050,165,0
1892480,50.0,39.0,54.1,1.50,0.200,0.050,165,0
1892580,50.0,39.0,52.4,1.50,0.200,0.050,165,0
1892680,50.0,39.1,62.6,1.50,0.200,0.050,166,0
1892780,50.0,39.2,58.1,1.50,0.200,0.050,166,0
1892880,50.0,39.2,63.7,1.50,0.200,0.050,166,0
1892980,50.0,39.3,57.2,1.50,0.200,0.050,166,0
1893080,50.0,39.3,68.9,1.50,0.200,0.050,166,0
1893180,50.0,39.4,68.2,1.50,0.200,0.050,166,0
1893280,50.0,39.4,61.4,1.50,0.200,0.050,166,0
1893380,50.0,39.5,66.7,1.50,0.200,0.050,167,0
1893480,50.0,39.6,60.1,1.50,0.200,0.050,167,0
1893580,50.0,39.6,51.8,1.50,0.200,0.050,167,0
1893680,50.0,39.7,63.5,1.50,0.200,0.050,167,0
1893780,50.0,39.7,60.1,1.50,0.200,0.050,167,0
1893880,50.0,39.8,67.8,1.50,0.200,0.050,167,0
1893980,50.0,39.8,65.1,1.50,0.200,0.050,167,0
1894080,50.0,39.8,56.0,1.50,0.200,0.050,167,0
1894180,50.0,39.9,53.3,1.50,0.200,0.050,168,0
1894280,50.0,39.9,49.8,1.50,0.200,0.050,168,0
1894380,50.0,40.0,51.7,1.50,0.200,0.050,168,0
1894480,50.0,40.1,49.7,1.50,0.200,0.050,168,0
1894580,50.0,40.1,48.8,1.50,0.200,0.050,168,0
1894680,50.0,40.1,45.1,1.50,0.200,0.050,168,0
1894780,50.0,40.2,42.3,1.50,0.200,0.050,168,0
1894880,50.0,40.2,41.3,1.50,0.200,0.050,168,0
1894980,50.0,40.3,41.7,1.50,0.200,0.050,169,0
1895080,50.0,40.3,39.1,1.50,0.200,0.050,169,0
1895180,50.0,40.4,46.1,1.50,0.200,0.050,169,0
1895280,50.0,40.4,51.9,1.50,0.200,0.050,169,0
1895380,50.0,40.5,53.0,1.50,0.200,0.050,169,0
1895480,50.0,40.5,49.9,1.50,0.200,0.050,169,0
1895580,50.0,40.6,47.9,1.50,0.200,0.050,169,0
1895680,50.0,40.6,43.1,1.50,0.200,0.050,169,0
1895780,50.0,40.7,42.2,1.50,0.200,0.050,170,0
1895880,50.0,40.7,48.8,1.50,0.200,0.050,170,0
1895980,50.0,40.7,46.3,1.50,0.200,0.050,170,0
1896080,50.0,40.8,49.0,1.50,0.200,0.050,170,0
1896180,50.0,40.8,42.4,1.50,0.200,0.050,170,0
1896280,50.0,40.9,50.8,1.50,0.200,0.050,170,0
1896380,50.0,40.9,51.4,1.50,0.200,0.050,170,0
1896480,50.0,41.0,54.6,1.50,0.200,0.050,170,0
1896580,50.0,41.0,46.7,1.50,0.200,0.050,170,0
1896680,50.0,41.1,52.6,1.50,0.200,0.050,171,0
1896780,50.0,41.1,45.9,1.50,0.200,0.050,171,0
1896880,50.0,41.2,47.0,1.50,0.200,0.050,171,0
1896980,50.0,41.2,41.3,1.50,0.200,0.050,171,0
1897080,50.0,41.3,52.8,1.50,0.200,0.050,171,0
1897180,50.0,41.3,46.6,1.50,0.200,0.050,171,0
1897280,50.0,41.3,41.5,1.50,0.200,0.050,171,0
1897380,50.0,41.4,47.4,1.50,0.200,0.050,171,0
1897480,50.0,41.4,41.8,1.50,0.200,0.050,171,0
1897580,50.0,41.5,39.6,1.50,0.200,0.050,172,0
1897680,50.0,41.5,43.0,1.50,0.200,0.050,172,0
1897780,50.0,41.5,43.5,1.50,0.200,0.050,172,0
1897880,50.0,41.6,42.3,1.50,0.200,0.050,172,0
1897980,50.0,41.6,44.5,1.50,0.200,0.050,172,0
1898080,50.0,41.7,51.3,1.50,0.200,0.050,172,0
1898180,50.0,41.7,49.5,1.50,0.200,0.050,172,0
1898280,50.0,41.7,49.6,1.50,0.200,0.050,172,0
1898380,50.0,41.8,49.5,1.50,0.200,0.050,172,0
1898480,50.0,41.8,53.7,1.50,0.200,0.050,173,0
1898580,50.0,41.8,56.6,1.50,0.200,0.050,173,0
1898680,50.0,41.9,60.8,1.50,0.200,0.050,173,0
1898780,50.0,41.9,56.6,1.50,0.200,0.050,173,0
1898880,50.0,42.0,48.7,1.50,0.200,0.050,173,0
1898980,50.0,42.0,46.3,1.50,0.200,0.050,173,0
1899080,50.0,42.0,43.9,1.50,0.200,0.050,173,0
1899180,50.0,42.1,45.1,1.50,0.200,0.050,173,0
1899280,50.0,42.1,51.0,1.50,0.200,0.050,173,0
1899380,50.0,42.1,45.5,1.50,0.200,0.050,173,0
1899480,50.0,42.2,45.9,1.50,0.200,0.050,174,0
1899580,50.0,42.2,43.7,1.50,0.200,0.050,174,0
1899680,50.0,42.2,52.6,1.50,0.200,0.050,174,0
1899780,50.0,42.3,48.4,1.50,0.200,0.050,174,0
1899880,50.0,42.3,45.4,1.50,0.200,0.050,174,0
1899980,50.0,42.4,54.2,1.50,0.200,0.050,174,0
1900080,50.0,42.4,49.6,1.50,0.200,0.050,174,0
1900180,50.0,42.4,48.6,1.50,0.200,0.050,174,0
1900280,50.0,42.5,52.7,1.50,0.200,0.050,174,0
1900380,50.0,42.5,52.8,1.50,0.200,0.050,174,0
1900480,50.0,42.5,52.7,1.50,0.200,0.050,175,0
1900580,50.0,42.6,50.7,1.50,0.200,0.050,175,0
1900680,50.0,42.6,53.4,1.50,0.200,0.050,175,0
1900780,50.0,42.6,49.9,1.50,0.200,0.050,175,0
1900880,50.0,42.7,53.3,1.50,0.200,0.050,175,0
1900980,50.0,42.7,46.4,1.50,0.200,0.050,175,0
1901080,50.0,42.8,42.4,1.50,0.200,0.050,175,0
1901180,50.0,42.8,49.3,1.50,0.200,0.050,175,0
1901280,50.0,42.8,47.5,1.50,0.200,0.050,175,0
1901380,50.0,42.9,44.1,1.50,0.200,0.050,175,0
1901480,50.0,42.9,52.5,1.50,0.200,0.050,175,0
1901580,50.0,42.9,45.3,1.50,0.200,0.050,176,0
1901680,50.0,43.0,45.7,1.50,0.200,0.050,176,0
1901780,50.0,43.0,50.6,1.50,0.200,0.050,176,0
1901880,50.0,43.0,64.0,1.50,0.200,0.050,176,0
1901980,50.0,43.1,51.5,1.50,0.200,0.050,176,0
1902080,50.0,43.1,41.5,1.50,0.200,0.050,176,0
1902180,50.0,43.1,34.4,1.50,0.200,0.050,176,0
1902280,50.0,43.2,40.4,1.50,0.200,0.050,176,0
1902380,50.0,43.2,51.9,1.50,0.200,0.050,176,0
1902480,50.0,43.2,54.2,1.50,0.200,0.050,176,0
1902580,50.0,43.3,56.7,1.50,0.200,0.050,176,0
1902680,50.0,43.3,48.5,1.50,0.200,0.050,177,0
1902780,50.0,43.3,47.4,1.50,0.200,0.050,177,0
1902880,50.0,43.3,47.4,1.50,0.200,0.050,177,0
1902980,50.0,43.4,55.3,1.50,0.200,0.050,177,0
1903080,50.0,43.4,47.1,1.50,0.200,0.050,177,0
1903180,50.0,43.4,40.5,1.50,0.200,0.050,177,0
1903280,50.0,43.5,56.7,1.50,0.200,0.050,177,0
1903380,50.0,43.5,59.5,1.50,0.200,0.050,177,0
1903480,50.0,43.5,59.5,1.50,0.200,0.050,177,0
1903580,50.0,43.5,61.5,1.50,0.200,0.050,177,0
1903680,50.0,43.6,55.9,1.50,0.200,0.050,177,0
1903780,50.0,43.6,56.9,1.50,0.200,0.050,178,0
1903880,50.0,43.6,51.9,1.50,0.200,0.050,178,0
1903980,50.0,43.7,55.5,1.50,0.200,0.050,178,0
1904080,50.0,43.7,50.2,1.50,0.200,0.050,178,0
1904180,50.0,43.7,47.7,1.50,0.200,0.050,178,0
1904280,50.0,43.8,48.4,1.50,0.200,0.050,178,0
1904380,50.0,43.8,46.8,1.50,0.200,0.050,178,0
1904480,50.0,43.8,46.5,1.50,0.200,0.050,178,0
1904580,50.0,43.8,44.4,1.50,0.200,0.050,178,0
1904680,50.0,43.9,52.9,1.50,0.200,0.050,178,0
1904780,50.0,43.9,52.7,1.50,0.200,0.050,178,0
1904880,50.0,43.9,50.0,1.50,0.200,0.050,178,0
1904980,50.0,43.9,53.8,1.50,0.200,0.050,178,0
1905080,50.0,44.0,56.1,1.50,0.200,0.050,179,0
1905180,50.0,44.0,52.8,1.50,0.200,0.050,179,0
1905280,50.0,44.0,52.8,1.50,0.200,0.050,179,0
1905380,50.0,44.1,52.0,1.50,0.200,0.050,179,0
1905480,50.0,44.1,56.5,1.50,0.200,0.050,179,0
1905580,50.0,44.1,53.4,1.50,0.200,0.050,179,0
1905680,50.0,44.2,52.8,1.50,0.200,0.050,179,0
1905780,50.0,44.2,50.6,1.50,0.200,0.050,179,0
1905880,50.0,44.2,45.4,1.50,0.200,0.050,179,0
1905980,50.0,44.2,44.2,1.50,0.200,0.050,179,0
1906080,50.0,44.3,42.9,1.50,0.200,0.050,179,0
1906180,50.0,44.3,44.4,1.50,0.200,0.050,179,0
1906280,50.0,44.3,40.5,1.50,0.200,0.050,179,0
1906380,50.0,44.3,42.6,1.50,0.200,0.050,179,0
1906480,50.0,44.4,37.2,1.50,0.200,0.050,180,0
1906580,50.0,44.4,41.9,1.50,0.200,0.050,180,0
1906680,50.0,44.4,41.1,1.50,0.200,0.050,180,0
1906780,50.0,44.5,36.7,1.50,0.200,0.050,180,0
1906880,50.0,44.5,37.1,1.50,0.200,0.050,180,0
1906980,50.0,44.5,35.5,1.50,0.200,0.050,180,0
1907080,50.0,44.5,32.6,1.50,0.200,0.050,180,0
1907180,50.0,44.6,38.6,1.50,0.200,0.050,180,0
1907280,50.0,44.6,43.6,1.50,0.200,0.050,180,0
1907380,50.0,44.6,41.8,1.50,0.200,0.050,180,0
1907480,50.0,44.6,38.2,1.50,0.200,0.050,180,0
1907580,50.0,44.7,46.1,1.50,0.200,0.050,180,0
1907680,50.0,44.7,47.4,1.50,0.200,0.050,180,0
1907780,50.0,44.7,45.7,1.50,0.200,0.050,180,0
1907880,50.0,44.7,53.5,1.50,0.200,0.050,181,0
1907980,50.0,44.8,59.1,1.50,0.200,0.050,181,0
1908080,50.0,44.8,58.7,1.50,0.200,0.050,181,0
1908180,50.0,44.8,53.0,1.50,0.200,0.050,181,0
1908280,50.0,44.8,44.8,1.50,0.200,0.050,181,0
1908380,50.0,44.9,40.8,1.50,0.200,0.050,181,0
1908480,50.0,44.9,38.1,1.50,0.200,0.050,181,0
1908580,50.0,44.9,37.9,1.50,0.200,0.050,181,0
1908680,50.0,44.9,35.8,1.50,0.200,0.050,181,0
1908780,50.0,45.0,43.7,1.50,0.200,0.050,181,0
1908880,50.0,45.0,52.0,1.50,0.200,0.050,181,0
1908980,50.0,45.0,67.2,1.50,0.200,0.050,181,0
1909080,50.0,45.1,56.8,1.50,0.200,0.050,181,0
1909180,50.0,45.1,57.7,1.50,0.200,0.050,181,0
1909280,50.0,45.1,56.2,1.50,0.200,0.050,181,0
1909380,50.0,45.1,50.9,1.50,0.200,0.050,181,0
1909480,50.0,45.1,41.7,1.50,0.200,0.050,182,0
1909580,50.0,45.2,37.6,1.50,0.200,0.050,182,0
1909680,50.0,45.2,31.6,1.50,0.200,0.050,182,0
1909780,50.0,45.2,46.9,1.50,0.200,0.050,182,0
1909880,50.0,45.2,55.5,1.50,0.200,0.050,182,0
1909980,50.0,45.3,60.5,1.50,0.200,0.050,182,0
1910080,50.0,45.3,61.1,1.50,0.200,0.050,182,0
1910180,50.0,45.3,54.0,1.50,0.200,0.050,182,0
1910280,50.0,45.3,42.4,1.50,0.200,0.050,182,0
1910380,50.0,45.4,35.0,1.50,0.200,0.050,182,0
1910480,50.0,45.4,36.6,1.50,0.200,0.050,182,0
1910580,50.0,45.4,42.9,1.50,0.200,0.050,182,0
1910680,50.0,45.4,49.2,1.50,0.200,0.050,182,0
1910780,50.0,45.4,52.0,1.50,0.200,0.050,182,0
1910880,50.0,45.5,51.8,1.50,0.200,0.050,182,0
1910980,50.0,45.5,44.0,1.50,0.200,0.050,182,0
1911080,50.0,45.5,39.3,1.50,0.200,0.050,183,0
1911180,50.0,45.5,42.1,1.50,0.200,0.050,183,0
1911280,50.0,45.5,49.9,1.50,0.200,0.050,183,0
1911380,50.0,45.6,46.0,1.50,0.200,0.050,183,0
1911480,50.0,45.6,41.6,1.50,0.200,0.050,183,0
1911580,50.0,45.6,48.5,1.50,0.200,0.050,183,0
1911680,50.0,45.6,40.1,1.50,0.200,0.050,183,0
1911780,50.0,45.7,48.4,1.50,0.200,0.050,183,0
1911880,50.0,45.7,46.6,1.50,0.200,0.050,183,0
1911980,50.0,45.7,37.6,1.50,0.200,0.050,183,0
1912080,50.0,45.7,40.3,1.50,0.200,0.050,183,0
1912180,50.0,45.8,39.8,1.50,0.200,0.050,183,0
1912280,50.0,45.8,45.6,1.50,0.200,0.050,183,0
1912380,50.0,45.8,57.6,1.50,0.200,0.050,183,0
1912480,50.0,45.8,47.5,1.50,0.200,0.050,183,0
1912580,50.0,45.8,49.0,1.50,0.200,0.050,183,0
1912680,50.0,45.8,50.7,1.50,0.200,0.050,183,0
1912780,50.0,45.9,45.2,1.50,0.200,0.050,183,0
1912880,50.0,45.9,58.2,1.50,0.200,0.050,183,0
1912980,50.0,45.9,48.9,1.50,0.200,0.050,184,0
1913080,50.0,45.9,43.2,1.50,0.200,0.050,184,0
1913180,50.0,45.9,54.6,1.50,0.200,0.050,184,0
1913280,50.0,46.0,47.1,1.50,0.200,0.050,184,0
1913380,50.0,46.0,52.4,1.50,0.200,0.050,184,0
1913480,50.0,46.0,55.2,1.50,0.200,0.050,184,0
1913580,50.0,46.0,46.7,1.50,0.200,0.050,184,0
1913680,50.0,46.1,49.6,1.50,0.200,0.050,184,0
1913780,50.0,46.1,46.7,1.50,0.200,0.050,184,0
1913880,50.0,46.1,50.3,1.50,0.200,0.050,184,0
1913980,50.0,46.1,45.5,1.50,0.200,0.050,184,0
1914080,50.0,46.1,37.7,1.50,0.200,0.050,184,0
1914180,50.0,46.1,42.2,1.50,0.200,0.050,184,0
1914280,50.0,46.2,42.5,1.50,0.200,0.050,184,0
1914380,50.0,46.2,43.9,1.50,0.200,0.050,184,0
1914480,50.0,46.2,43.8,1.50,0.200,0.050,184,0
1914580,50.0,46.2,43.0,1.50,0.200,0.050,184,0
1914680,50.0,46.2,43.2,1.50,0.200,0.050,184,0
1914780,50.0,46.2,45.9,1.50,0.200,0.050,184,0
1914880,50.0,46.3,43.8,1.50,0.200,0.050,184,0
1914980,50.0,46.3,53.3,1.50,0.200,0.050,185,0
1915080,50.0,46.3,50.2,1.50,0.200,0.050,185,0
1915180,50.0,46.3,50.8,1.50,0.200,0.050,185,0
1915280,50.0,46.3,53.9,1.50,0.200,0.050,185,0
1915380,50.0,46.3,57.6,1.50,0.200,0.050,185,0
1915480,50.0,46.4,55.8,1.50,0.200,0.050,185,0
1915580,50.0,46.4,59.9,1.50,0.200,0.050,185,0
1915680,50.0,46.4,62.6,1.50,0.200,0.050,185,0
1915780,50.0,46.4,54.9,1.50,0.200,0.050,185,0
1915880,50.0,46.4,49.6,1.50,0.200,0.050,185,0
1915980,50.0,46.4,46.3,1.50,0.200,0.050,185,0
1916080,50.0,46.5,60.1,1.50,0.200,0.050,185,0
1916180,50.0,46.5,75.3,1.50,0.200,0.050,185,0
1916280,50.0,46.5,59.8,1.50,0.200,0.050,185,0
1916380,50.0,46.5,62.2,1.50,0.200,0.050,185,0
1916480,50.0,46.5,57.3,1.50,0.200,0.050,185,0
1916580,50.0,46.6,61.3,1.50,0.200,0.050,185,0
1916680,50.0,46.6,53.1,1.50,0.200,0.050,185,0
1916780,50.0,46.6,46.0,1.50,0.200,0.050,185,0
1916880,50.0,46.6,46.6,1.50,0.200,0.050,185,0
1916980,50.0,46.6,55.7,1.50,0.200,0.050,185,0
1917080,50.0,46.6,59.8,1.50,0.200,0.050,185,0
1917180,50.0,46.6,48.4,1.50,0.200,0.050,186,0
1917280,50.0,46.7,47.2,1.50,0.200,0.050,186,0
1917380,50.0,46.7,39.4,1.50,0.200,0.050,186,0
1917480,50.0,46.7,50.0,1.50,0.200,0.050,186,0
1917580,50.0,46.7,60.4,1.50,0.200,0.050,186,0
1917680,50.0,46.7,50.3,1.50,0.200,0.050,186,0
1917780,50.0,46.7,57.0,1.50,0.200,0.050,186,0
1917880,50.0,46.7,72.9,1.50,0.200,0.050,186,0
1917980,50.0,46.8,66.9,1.50,0.200,0.050,186,0
1918080,50.0,46.8,55.3,1.50,0.200,0.050,186,0
1918180,50.0,46.8,47.8,1.50,0.200,0.050,186,0
1918280,50.0,46.8,40.5,1.50,0.200,0.050,186,0
1918380,50.0,46.8,35.5,1.50,0.200,0.050,186,0
1918480,50.0,46.8,39.5,1.50,0.200,0.050,186,0
1918580,50.0,46.8,36.3,1.50,0.200,0.050,186,0
1918680,50.0,46.9,34.3,1.50,0.200,0.050,186,0
1918780,50.0,46.9,33.8,1.50,0.200,0.050,186,0
1918880,50.0,46.9,32.4,1.50,0.200,0.050,186,0
1918980,50.0,46.9,30.3,1.50,0.200,0.050,186,0
1919080,50.0,46.9,28.2,1.50,0.200,0.050,186,0
1919180,50.0,46.9,26.1,1.50,0.200,0.050,186,0
1919280,50.0,47.0,28.8,1.50,0.200,0.050,186,0
1919380,50.0,47.0,30.7,1.50,0.200,0.050,186,0
1919480,50.0,47.0,31.6,1.50,0.200,0.050,187,0
1919580,50.0,47.0,31.7,1.50,0.200,0.050,187,0
1919680,50.0,47.0,29.8,1.50,0.200,0.050,187,0
1919780,50.0,47.0,29.6,1.50,0.200,0.050,187,0
1919880,50.0,47.0,30.1,1.50,0.200,0.050,187,0
1919980,50.0,47.0,33.6,1.50,0.200,0.050,187,0
1920080,50.0,47.1,45.6,1.50,0.200,0.050,187,0
1920180,50.0,47.1,46.4,1.50,0.200,0.050,187,0
1920280,50.0,47.1,41.3,1.50,0.200,0.050,187,0
1920380,50.0,47.1,37.2,1.50,0.200,0.050,187,0
1920480,50.0,47.1,35.7,1.50,0.200,0.050,187,0
1920580,50.0,47.1,41.5,1.50,0.200,0.050,187,0
1920680,50.0,47.1,43.3,1.50,0.200,0.050,187,0
1920780,50.0,47.2,40.0,1.50,0.200,0.050,187,0
1920880,50.0,47.2,35.4,1.50,0.200,0.050,187,0
1920980,50.0,47.2,33.8,1.50,0.200,0.050,187,0
1921080,50.0,47.2,35.4,1.50,0.200,0.050,187,0
1921180,50.0,47.2,34.5,1.50,0.200,0.050,187,0
1921280,50.0,47.2,41.4,1.50,0.200,0.050,187,0
1921380,50.0,47.2,41.3,1.50,0.200,0.050,187,0
1921480,50.0,47.2,40.9,1.50,0.200,0.050,187,0
1921580,50.0,47.3,40.7,1.50,0.200,0.050,187,0
1921680,50.0,47.3,40.1,1.50,0.200,0.050,187,0
1921780,50.0,47.3,39.6,1.50,0.200,0.050,187,0
1921880,50.0,47.3,40.3,1.50,0.200,0.050,187,0
1921980,50.0,47.3,38.4,1.50,0.200,0.050,187,0
1922080,50.0,47.3,36.0,1.50,0.200,0.050,187,0
1922180,50.0,47.3,37.1,1.50,0.200,0.050,187,0
1922280,50.0,47.3,34.8,1.50,0.200,0.050,188,0
1922380,50.0,47.4,35.5,1.50,0.200,0.050,188,0
1922480,50.0,47.4,43.4,1.50,0.200,0.050,188,0
1922580,50.0,47.4,42.7,1.50,0.200,0.050,188,0
1922680,50.0,47.4,46.7,1.50,0.200,0.050,188,0
1922780,50.0,47.4,47.7,1.50,0.200,0.050,188,0
1922880,50.0,47.4,46.3,1.50,0.200,0.050,188,0
1922980,50.0,47.4,47.6,1.50,0.200,0.050,188,0
1923080,50.0,47.4,57.9,1.50,0.200,0.050,188,0
1923180,50.0,47.5,52.8,1.50,0.200,0.050,188,0
1923280,50.0,47.5,54.6,1.50,0.200,0.050,188,0
1923380,50.0,47.5,46.2,1.50,0.200,0.050,188,0
1923480,50.0,47.5,41.1,1.50,0.200,0.050,188,0
1923580,50.0,47.5,40.2,1.50,0.200,0.050,188,0
1923680,50.0,47.5,44.9,1.50,0.200,0.050,188,0
1923780,50.0,47.5,39.3,1.50,0.200,0.050,188,0
1923880,50.0,47.5,44.2,1.50,0.200,0.050,188,0
1923980,50.0,47.6,36.2,1.50,0.200,0.050,188,0
1924080,50.0,47.6,37.0,1.50,0.200,0.050,188,0
1924180,50.0,47.6,40.4,1.50,0.200,0.050,188,0
1924280,50.0,47.6,50.2,1.50,0.200,0.050,188,0
1924380,50.0,47.6,41.9,1.50,0.200,0.050,188,0
1924480,50.0,47.6,51.6,1.50,0.200,0.050,188,0
1924580,50.0,47.6,57.6,1.50,0.200,0.050,188,0
1924680,50.0,47.6,56.9,1.50,0.200,0.050,188,0
1924780,50.0,47.6,48.6,1.50,0.200,0.050,188,0
1924880,50.0,47.6,53.9,1.50,0.200,0.050,188,0
1924980,50.0,47.6,62.9,1.50,0.200,0.050,188,0
1925080,50.0,47.6,51.2,1.50,0.200,0.050,188,0
1925180,50.0,47.7,65.0,1.50,0.200,0.050,188,0
1925280,50.0,47.7,63.5,1.50,0.200,0.050,189,0
1925380,50.0,47.7,50.8,1.50,0.200,0.050,189,0
1925480,50.0,47.7,50.8,1.50,0.200,0.050,189,0
1925580,50.0,47.7,46.2,1.50,0.200,0.050,189,0
1925680,50.0,47.7,48.5,1.50,0.200,0.050,189,0
1925780,50.0,47.7,45.6,1.50,0.200,0.050,189,0
1925882,50.0,47.7,46.2,1.50,0.200,0.050,189,0
1925982,50.0,47.7,49.1,1.50,0.200,0.050,189,0
1926082,50.0,47.8,43.2,1.50,0.200,0.050,189,0
1926182,50.0,47.8,47.3,1.50,0.200,0.050,189,0
1926282,50.0,47.8,45.7,1.50,0.200,0.050,189,0
1926382,50.0,47.8,42.0,1.50,0.200,0.050,189,0
1926482,50.0,47.8,36.7,1.50,0.200,0.050,189,0
1926582,50.0,47.8,45.0,1.50,0.200,0.050,189,0
1926682,50.0,47.8,42.5,1.50,0.200,0.050,189,0
1926782,50.0,47.8,50.9,1.50,0.200,0.050,189,0
1926882,50.0,47.8,50.5,1.50,0.200,0.050,189,0
1926982,50.0,47.8,55.3,1.50,0.200,0.050,189,0
1927082,50.0,47.8,48.7,1.50,0.200,0.050,189,0
1927182,50.0,47.9,55.0,1.50,0.200,0.050,189,0
1927282,50.0,47.9,49.2,1.50,0.200,0.050,189,0
1927382,50.0,47.9,47.9,1.50,0.200,0.050,189,0
1927482,50.0,47.9,43.6,1.50,0.200,0.050,189,0
1927582,50.0,47.9,42.4,1.50,0.200,0.050,189,0
1927682,50.0,47.9,41.7,1.50,0.200,0.050,189,0
1927782,50.0,47.9,47.5,1.50,0.200,0.050,189,0
1927882,50.0,47.9,43.4,1.50,0.200,0.050,189,0
1927982,50.0,47.9,50.2,1.50,0.200,0.050,189,0
1928082,50.0,47.9,42.7,1.50,0.200,0.050,189,0
1928182,50.0,47.9,48.8,1.50,0.200,0.050,189,0
1928282,50.0,47.9,45.9,1.50,0.200,0.050,189,0
1928382,50.0,48.0,53.7,1.50,0.200,0.050,189,0
1928482,50.0,48.0,49.8,1.50,0.200,0.050,189,0
1928582,50.0,48.0,44.3,1.50,0.200,0.050,190,0
1928682,50.0,48.0,42.3,1.50,0.200,0.050,190,0
1928782,50.0,48.0,51.4,1.50,0.200,0.050,190,0
1928882,50.0,48.0,47.1,1.50,0.200,0.050,190,0
1928982,50.0,48.0,48.9,1.50,0.200,0.050,190,0
1929082,50.0,48.0,52.0,1.50,0.200,0.050,190,0
1929182,50.0,48.0,46.6,1.50,0.200,0.050,190,0
1929282,50.0,48.0,44.7,1.50,0.200,0.050,190,0
1929382,50.0,48.0,47.6,1.50,0.200,0.050,190,0
1929482,50.0,48.1,57.8,1.50,0.200,0.050,190,0
1929582,50.0,48.1,49.8,1.50,0.200,0.050,190,0
1929682,50.0,48.1,53.4,1.50,0.200,0.050,190,0
1929782,50.0,48.1,55.5,1.50,0.200,0.050,190,0
1929882,50.0,48.1,47.6,1.50,0.200,0.050,190,0
1929982,50.0,48.1,45.1,1.50,0.200,0.050,190,0
1930082,50.0,48.1,41.6,1.50,0.200,0.050,190,0
1930182,50.0,48.1,51.7,1.50,0.200,0.050,190,0
1930282,50.0,48.1,47.6,1.50,0.200,0.050,190,0
1930382,50.0,48.1,40.1,1.50,0.200,0.050,190,0
1930482,50.0,48.2,43.6,1.50,0.200,0.050,190,0
1930582,50.0,48.2,51.9,1.50,0.200,0.050,190,0
1930682,50.0,48.2,50.0,1.50,0.200,0.050,190,0
1930782,50.0,48.2,43.0,1.50,0.200,0.050,190,0
1930882,50.0,48.2,49.7,1.50,0.200,0.050,190,0
1930982,50.0,48.2,49.1,1.50,0.200,0.050,190,0
1931082,50.0,48.2,46.7,1.50,0.200,0.050,190,0
1931182,50.0,48.2,52.4,1.50,0.200,0.050,190,0
1931282,50.0,48.2,56.1,1.50,0.200,0.050,190,0
1931382,50.0,48.2,54.5,1.50,0.200,0.050,190,0
1931482,50.0,48.2,48.3,1.50,0.200,0.050,190,0
1931582,50.0,48.2,43.5,1.50,0.200,0.050,190,0
1931682,50.0,48.3,43.7,1.50,0.200,0.050,190,0
1931782,50.0,48.3,42.3,1.50,0.200,0.050,190,0
1931882,50.0,48.3,39.4,1.50,0.200,0.050,190,0
1931982,50.0,48.3,43.8,1.50,0.200,0.050,190,0
1932082,50.0,48.3,43.0,1.50,0.200,0.050,190,0
1932182,50.0,48.3,38.8,1.50,0.200,0.050,190,0
1932282,50.0,48.3,45.1,1.50,0.200,0.050,190,0
1932382,50.0,48.3,46.8,1.50,0.200,0.050,190,0
1932482,50.0,48.3,41.6,1.50,0.200,0.050,190,0
1932582,50.0,48.3,37.4,1.50,0.200,0.050,190,0
1932682,50.0,48.3,50.5,1.50,0.200,0.050,190,0
1932782,50.0,48.3,44.8,1.50,0.200,0.050,190,0
1932882,50.0,48.3,44.1,1.50,0.200,0.050,191,0
1932982,50.0,48.3,45.1,1.50,0.200,0.050,191,0
1933082,50.0,48.4,43.0,1.50,0.200,0.050,191,0
1933182,50.0,48.4,45.4,1.50,0.200,0.050,191,0
1933282,50.0,48.4,51.7,1.50,0.200,0.050,191,0
1933382,50.0,48.4,54.7,1.50,0.200,0.050,191,0
1933482,50.0,48.4,55.6,1.50,0.200,0.050,191,0
1933582,50.0,48.4,46.1,1.50,0.200,0.050,191,0
1933682,50.0,48.4,50.0,1.50,0.200,0.050,191,0
1933782,50.0,48.4,46.2,1.50,0.200,0.050,191,0
1933882,50.0,48.4,42.0,1.50,0.200,0.050,191,0
1933982,50.0,48.4,41.0,1.50,0.200,0.050,191,0
1934082,50.0,48.4,40.5,1.50,0.200,0.050,191,0
1934182,50.0,48.5,37.1,1.50,0.200,0.050,191,0
1934282,50.0,48.5,34.0,1.50,0.200,0.050,191,0
1934382,50.0,48.5,36.5,1.50,0.200,0.050,191,0
1934482,50.0,48.5,41.4,1.50,0.200,0.050,191,0
1934582,50.0,48.5,50.2,1.50,0.200,0.050,191,0
1934682,50.0,48.5,54.3,1.50,0.200,0.050,191,0
1934782,50.0,48.5,57.2,1.50,0.200,0.050,191,0
1934882,50.0,48.5,61.5,1.50,0.200,0.050,191,0
1934982,50.0,48.5,65.5,1.50,0.200,0.050,191,0
1935082,50.0,48.5,60.0,1.50,0.200,0.050,191,0
1935182,50.0,48.5,56.9,1.50,0.200,0.050,191,0
1935282,50.0,48.6,50.0,1.50,0.200,0.050,191,0
1935382,50.0,48.6,46.4,1.50,0.200,0.050,191,0
1935482,50.0,48.6,41.8,1.50,0.200,0.050,191,0
1935582,50.0,48.6,42.7,1.50,0.200,0.050,191,0
1935682,50.0,48.6,39.4,1.50,0.200,0.050,191,0
1935782,50.0,48.6,40.2,1.50,0.200,0.050,191,0
1935882,50.0,48.6,41.7,1.50,0.200,0.050,191,0
1935982,50.0,48.6,44.9,1.50,0.200,0.050,191,0
1936082,50.0,48.6,42.3,1.50,0.200,0.050,191,0
1936182,50.0,48.6,47.4,1.50,0.200,0.050,191,0
1936282,50.0,48.6,57.7,1.50,0.200,0.050,191,0
1936382,50.0,48.6,60.8,1.50,0.200,0.050,191,0
1936482,50.0,48.6,59.1,1.50,0.200,0.050,191,0
1936582,50.0,48.6,49.5,1.50,0.200,0.050,191,0
1936682,50.0,48.6,42.2,1.50,0.200,0.050,191,0
1936782,50.0,48.7,38.5,1.50,0.200,0.050,191,0
1936882,50.0,48.7,39.3,1.50,0.200,0.050,191,0
1936982,50.0,48.7,38.4,1.50,0.200,0.050,191,0
1937082,50.0,48.7,37.9,1.50,0.200,0.050,191,0
1937182,50.0,48.7,41.8,1.50,0.200,0.050,191,0
1937282,50.0,48.7,40.8,1.50,0.200,0.050,191,0
1937382,50.0,48.7,45.2,1.50,0.200,0.050,191,0
1937482,50.0,48.7,57.0,1.50,0.200,0.050,191,0
1937582,50.0,48.7,53.3,1.50,0.200,0.050,191,0
1937682,50.0,48.7,46.3,1.50,0.200,0.050,191,0
1937782,50.0,48.7,44.1,1.50,0.200,0.050,191,0
1937882,50.0,48.7,59.5,1.50,0.200,0.050,191,0
1937982,50.0,48.7,62.5,1.50,0.200,0.050,191,0
1938082,50.0,48.7,50.8,1.50,0.200,0.050,191,0
1938182,50.0,48.7,48.9,1.50,0.200,0.050,191,0
1938282,50.0,48.7,38.3,1.50,0.200,0.050,191,0
1938382,50.0,48.7,38.7,1.50,0.200,0.050,192,0
1938482,50.0,48.7,34.7,1.50,0.200,0.050,192,0
1938582,50.0,48.8,33.3,1.50,0.200,0.050,192,0
1938682,50.0,48.8,33.7,1.50,0.200,0.050,192,0
1938782,50.0,48.8,33.4,1.50,0.200,0.050,192,0
1938882,50.0,48.8,32.6,1.50,0.200,0.050,192,0
1938982,50.0,48.8,33.7,1.50,0.200,0.050,192,0
1939082,50.0,48.8,35.2,1.50,0.200,0.050,192,0
1939182,50.0,48.8,39.5,1.50,0.200,0.050,192,0
1939282,50.0,48.8,48.8,1.50,0.200,0.050,192,0
1939382,50.0,48.8,49.7,1.50,0.200,0.050,192,0
1939482,50.0,48.8,45.5,1.50,0.200,0.050,192,0
1939582,50.0,48.8,44.1,1.50,0.200,0.050,192,0
1939682,50.0,48.8,42.0,1.50,0.200,0.050,192,0
1939782,50.0,48.8,44.0,1.50,0.200,0.050,192,0
1939882,50.0,48.8,44.6,1.50,0.200,0.050,192,0
1939982,50.0,48.8,45.8,1.50,0.200,0.050,192,0
1940082,50.0,48.8,49.4,1.50,0.200,0.050,192,0
1940182,50.0,48.9,54.6,1.50,0.200,0.050,192,0
1940282,50.0,48.9,58.8,1.50,0.200,0.050,192,0
1940382,50.0,48.9,61.5,1.50,0.200,0.050,192,0
1940482,50.0,48.9,54.5,1.50,0.200,0.050,192,0
1940582,50.0,48.9,49.9,1.50,0.200,0.050,192,0
1940682,50.0,48.9,44.5,1.50,0.200,0.050,192,0
1940782,50.0,48.9,42.4,1.50,0.200,0.050,192,0
1940882,50.0,48.9,40.6,1.50,0.200,0.050,192,0
1940982,50.0,48.9,41.0,1.50,0.200,0.050,192,0
1941082,50.0,48.9,40.0,1.50,0.200,0.050,192,0
1941182,50.0,48.9,41.4,1.50,0.200,0.050,192,0
1941282,50.0,48.9,39.3,1.50,0.200,0.050,192,0
1941382,50.0,48.9,38.6,1.50,0.200,0.050,192,0
1941482,50.0,48.9,39.1,1.50,0.200,0.050,192,0
1941582,50.0,48.9,46.7,1.50,0.200,0.050,192,0
1941682,50.0,48.9,55.7,1.50,0.200,0.050,192,0
1941782,50.0,48.9,55.6,1.50,0.200,0.050,192,0
1941882,50.0,48.9,62.4,1.50,0.200,0.050,192,0
1941982,50.0,48.9,60.6,1.50,0.200,0.050,192,0
1942082,50.0,49.0,52.2,1.50,0.200,0.050,192,0
1942182,50.0,49.0,48.1,1.50,0.200,0.050,192,0
1942282,50.0,49.0,49.1,1.50,0.200,0.050,192,0
1942382,50.0,49.0,47.9,1.50,0.200,0.050,192,0
1942482,50.0,49.0,49.7,1.50,0.200,0.050,192,0
1942582,50.0,49.0,58.0,1.50,0.200,0.050,192,0
1942682,50.0,49.0,58.5,1.50,0.200,0.050,192,0
1942782,50.0,49.0,55.0,1.50,0.200,0.050,192,0
1942882,50.0,49.0,50.1,1.50,0.200,0.050,192,0
1942982,50.0,49.0,48.1,1.50,0.200,0.050,192,0
1943082,50.0,49.0,53.8,1.50,0.200,0.050,192,0
1943182,50.0,49.0,54.2,1.50,0.200,0.050,192,0
1943282,50.0,49.0,53.8,1.50,0.200,0.050,192,0
1943382,50.0,49.0,52.3,1.50,0.200,0.050,192,0
1943482,50.0,49.0,49.5,1.50,0.200,0.050,192,0
1943582,50.0,48.9,47.1,1.50,0.200,0.050,192,0
1943682,50.0,48.9,49.3,1.50,0.200,0.050,192,0
1943782,50.0,48.9,46.3,1.50,0.200,0.050,192,0
1943882,50.0,48.9,56.8,1.50,0.200,0.050,193,0
1943982,50.0,48.9,53.3,1.50,0.200,0.050,193,0
1944082,50.0,48.9,45.8,1.50,0.200,0.050,193,0
1944182,50.0,48.9,48.1,1.50,0.200,0.050,193,0
1944282,50.0,48.9,43.3,1.50,0.200,0.050,193,0
1944382,50.0,48.9,41.7,1.50,0.200,0.050,193,0
1944482,50.0,48.9,40.2,1.50,0.200,0.050,193,0
1944582,50.0,48.9,40.3,1.50,0.200,0.050,193,0
1944682,50.0,48.9,41.1,1.50,0.200,0.050,193,0
1944782,50.0,48.9,39.2,1.50,0.200,0.050,193,0
1944882,50.0,48.9,40.2,1.50,0.200,0.050,193,0
1944982,50.0,48.9,38.7,1.50,0.200,0.050,193,0
1945082,50.0,48.9,45.7,1.50,0.200,0.050,193,0
1945182,50.0,48.9,56.5,1.50,0.200,0.050,193,0
1945282,50.0,48.9,45.5,1.50,0.200,0.050,193,0
1945382,50.0,48.9,52.3,1.50,0.200,0.050,193,0
1945482,50.0,48.9,47.2,1.50,0.200,0.050,193,0
1945582,50.0,48.9,62.1,1.50,0.200,0.050,193,0
1945682,50.0,48.9,64.7,1.50,0.200,0.050,193,0
1945782,50.0,48.8,69.9,1.50,0.200,0.050,193,0
1945882,50.0,48.8,60.6,1.50,0.200,0.050,193,0
1945982,50.0,48.8,73.0,1.50,0.200,0.050,193,0
1946082,50.0,48.8,69.9,1.50,0.200,0.050,193,0
1946182,50.0,48.7,69.9,1.50,0.200,0.050,193,0
1946282,50.0,48.7,61.3,1.50,0.200,0.050,193,0
1946382,50.0,48.7,66.7,1.50,0.200,0.050,193,0
1946482,50.0,48.7,60.1,1.50,0.200,0.050,193,0
1946582,50.0,48.7,56.3,1.50,0.200,0.050,193,0
1946682,50.0,48.6,59.4,1.50,0.200,0.050,194,0
1946782,50.0,48.6,59.9,1.50,0.200,0.050,194,0
1946882,50.0,48.6,67.5,1.50,0.200,0.050,194,0
1946982,50.0,48.5,60.4,1.50,0.200,0.050,194,0
1947082,50.0,48.5,64.5,1.50,0.200,0.050,194,0
1947182,50.0,48.4,65.3,1.50,0.200,0.050,194,0
1947282,50.0,48.4,57.5,1.50,0.200,0.050,194,0
1947382,50.0,48.3,58.9,1.50,0.200,0.050,194,0
1947482,50.0,48.2,56.1,1.50,0.200,0.050,195,0
1947582,50.0,48.0,57.1,1.50,0.200,0.050,195,0
1947682,50.0,47.9,56.0,1.50,0.200,0.050,195,0
1947782,50.0,47.7,56.4,1.50,0.200,0.050,195,0
1947882,50.0,47.4,56.0,1.50,0.200,0.050,196,0
1947982,50.0,47.2,58.9,1.50,0.200,0.050,196,0
1948082,50.0,46.9,62.2,1.50,0.200,0.050,197,0
1948182,50.0,46.7,60.2,1.50,0.200,0.050,197,0
1948282,50.0,46.5,57.6,1.50,0.200,0.050,198,0
1948382,50.0,46.3,59.2,1.50,0.200,0.050,198,0
1948482,50.0,46.2,61.7,1.50,0.200,0.050,198,0
1948582,50.0,46.0,65.0,1.50,0.200,0.050,198,0
1948682,50.0,45.9,71.4,1.50,0.200,0.050,199,0
1948782,50.0,45.7,86.4,1.50,0.200,0.050,199,0
1948882,50.0,45.6,77.7,1.50,0.200,0.050,199,0
1948982,50.0,45.5,85.2,1.50,0.200,0.050,200,0
1949082,50.0,45.4,75.4,1.50,0.200,0.050,200,0
1949182,50.0,45.4,63.5,1.50,0.200,0.050,200,0
1949282,50.0,45.6,62.2,1.50,0.200,0.050,200,0
1949382,50.0,45.7,64.5,1.50,0.200,0.050,199,0
1949482,50.0,45.9,59.8,1.50,0.200,0.050,199,0
1949582,50.0,46.1,59.4,1.50,0.200,0.050,199,0
1949682,50.0,46.4,53.5,1.50,0.200,0.050,199,0
1949782,50.0,46.6,49.8,1.50,0.200,0.050,198,0
1949882,50.0,46.8,55.1,1.50,0.200,0.050,198,0
1949982,50.0,47.1,53.6,1.50,0.200,0.050,198,0
1950082,50.0,47.2,59.4,1.50,0.200,0.050,198,0
1950182,50.0,47.5,56.8,1.50,0.200,0.050,197,0
1950282,50.0,47.6,53.4,1.50,0.200,0.050,197,0
1950382,50.0,47.8,56.4,1.50,0.200,0.050,197,0
1950482,50.0,48.0,62.9,1.50,0.200,0.050,197,0
1950582,50.0,48.1,64.3,1.50,0.200,0.050,197,0
1950682,50.0,48.3,54.9,1.50,0.200,0.050,196,0
1950782,50.0,48.4,47.7,1.50,0.200,0.050,196,0
1950882,50.0,48.5,48.7,1.50,0.200,0.050,196,0
1950982,50.0,48.6,49.0,1.50,0.200,0.050,196,0
1951082,50.0,48.7,56.8,1.50,0.200,0.050,196,0
1951182,50.0,48.8,49.2,1.50,0.200,0.050,196,0
1951282,50.0,48.9,43.5,1.50,0.200,0.050,196,0
1951382,50.0,49.0,42.7,1.50,0.200,0.050,196,0
1951482,50.0,49.0,46.5,1.50,0.200,0.050,195,0
1951582,50.0,49.1,51.1,1.50,0.200,0.050,195,0
1951682,50.0,49.2,44.4,1.50,0.200,0.050,195,0
1951782,50.0,49.2,46.7,1.50,0.200,0.050,195,0
1951882,50.0,49.3,39.5,1.50,0.200,0.050,195,0
1951982,50.0,49.3,36.7,1.50,0.200,0.050,195,0
1952082,50.0,49.4,44.4,1.50,0.200,0.050,195,0
1952182,50.0,49.4,42.8,1.50,0.200,0.050,195,0
1952282,50.0,49.4,39.7,1.50,0.200,0.050,195,0
1952382,50.0,49.4,42.6,1.50,0.200,0.050,195,0
1952482,50.0,49.5,40.8,1.50,0.200,0.050,195,0
1952582,50.0,49.5,46.2,1.50,0.200,0.050,195,0
1952682,50.0,49.5,40.4,1.50,0.200,0.050,195,0
1952782,50.0,49.5,36.0,1.50,0.200,0.050,195,0
1952882,50.0,49.6,43.3,1.50,0.200,0.050,195,0
1952982,50.0,49.6,40.4,1.50,0.200,0.050,195,0
1953082,50.0,49.6,50.2,1.50,0.200,0.050,195,0
1953182,50.0,49.6,46.6,1.50,0.200,0.050,195,0
1953282,50.0,49.6,44.1,1.50,0.200,0.050,195,0
1953382,50.0,49.7,47.5,1.50,0.200,0.050,195,0
1953482,50.0,49.7,43.0,1.50,0.200,0.050,195,0
1953582,50.0,49.7,42.0,1.50,0.200,0.050,195,0
1953682,50.0,49.7,41.5,1.50,0.200,0.050,195,0
1953782,50.0,49.7,39.6,1.50,0.200,0.050,195,0
1953882,50.0,49.7,47.7,1.50,0.200,0.050,195,0
1953982,50.0,49.8,47.5,1.50,0.200,0.050,195,0
1954082,50.0,49.8,44.7,1.50,0.200,0.050,195,0
1954182,50.0,49.8,49.3,1.50,0.200,0.050,195,0
1954282,50.0,49.8,51.8,1.50,0.200,0.050,195,0
1954382,50.0,49.8,45.6,1.50,0.200,0.050,195,0
1954482,50.0,49.8,51.2,1.50,0.200,0.050,195,0
1954582,50.0,49.8,53.3,1.50,0.200,0.050,195,0
1954682,50.0,49.8,47.4,1.50,0.200,0.050,195,0
1954782,50.0,49.8,57.7,1.50,0.200,0.050,195,0
1954882,50.0,49.9,50.5,1.50,0.200,0.050,195,0
1954982,50.0,49.9,46.3,1.50,0.200,0.050,194,0
1955082,50.0,49.9,50.8,1.50,0.200,0.050,194,0
1955182,50.0,49.9,46.6,1.50,0.200,0.050,195,0
1955282,50.0,49.9,45.7,1.50,0.200,0.050,194,0
1955382,50.0,49.9,51.9,1.50,0.200,0.050,194,0
1955482,50.0,49.9,46.0,1.50,0.200,0.050,194,0
1955582,50.0,49.9,44.5,1.50,0.200,0.050,194,0
1955682,50.0,49.9,46.2,1.50,0.200,0.050,194,0
1955782,50.0,49.9,53.0,1.50,0.200,0.050,194,0
1955882,50.0,49.9,47.8,1.50,0.200,0.050,194,0
1955982,50.0,49.9,49.7,1.50,0.200,0.050,194,0
1956082,50.0,49.9,46.4,1.50,0.200,0.050,194,0
1956182,50.0,49.9,43.1,1.50,0.200,0.050,194,0
1956282,50.0,49.9,42.1,1.50,0.200,0.050,194,0
1956382,50.0,49.9,51.3,1.50,0.200,0.050,194,0
1956482,50.0,49.9,45.7,1.50,0.200,0.050,194,0
1956582,50.0,49.9,55.3,1.50,0.200,0.050,194,0
1956682,50.0,49.9,50.0,1.50,0.200,0.050,194,0
1956782,50.0,49.9,44.7,1.50,0.200,0.050,194,0
1956882,50.0,49.9,41.6,1.50,0.200,0.050,194,0
1956982,50.0,49.9,53.3,1.50,0.200,0.050,194,0
1957082,50.0,49.9,42.5,1.50,0.200,0.050,194,0
1957182,50.0,49.9,51.5,1.50,0.200,0.050,194,0
1957282,50.0,49.9,38.5,1.50,0.200,0.050,194,0
1957382,50.0,49.9,59.0,1.50,0.200,0.050,194,0
1957482,50.0,49.9,43.7,1.50,0.200,0.050,194,0
1957582,50.0,49.9,64.9,1.50,0.200,0.050,194,0
1957682,50.0,49.9,80.1,1.50,0.200,0.050,194,0
1957782,50.0,49.9,52.1,1.50,0.200,0.050,194,0
1957882,50.0,49.9,42.4,1.50,0.200,0.050,194,0
1957982,50.0,49.9,32.0,1.50,0.200,0.050,194,0
1958082,50.0,50.0,44.6,1.50,0.200,0.050,194,0
1958182,50.0,49.9,37.7,1.50,0.200,0.050,194,0
1958282,50.0,50.0,46.2,1.50,0.200,0.050,194,0
1958382,50.0,50.0,38.7,1.50,0.200,0.050,194,0
1958482,50.0,50.0,30.6,1.50,0.200,0.050,194,0
1958582,50.0,50.0,33.5,1.50,0.200,0.050,194,0
1958682,50.0,50.0,34.6,1.50,0.200,0.050,194,0
1958782,50.0,50.0,46.2,1.50,0.200,0.050,194,0
1958882,50.0,50.0,43.5,1.50,0.200,0.050,194,0
1958982,50.0,50.0,40.3,1.50,0.200,0.050,194,0
1959082,50.0,50.0,44.4,1.50,0.200,0.050,194,0
1959182,50.0,50.0,40.0,1.50,0.200,0.050,194,0
1959282,50.0,50.0,47.4,1.50,0.200,0.050,194,0
1959382,50.0,50.0,42.9,1.50,0.200,0.050,194,0
1959482,50.0,50.0,37.4,1.50,0.200,0.050,194,0
1959582,50.0,50.0,47.4,1.50,0.200,0.050,194,0
1959682,50.0,50.0,43.6,1.50,0.200,0.050,194,0
1959782,50.0,50.0,62.2,1.50,0.200,0.050,194,0
1959882,50.0,50.0,48.1,1.50,0.200,0.050,194,0
1959982,50.0,50.0,59.0,1.50,0.200,0.050,194,0
1960082,50.0,50.0,59.5,1.50,0.200,0.050,194,0
1960182,50.0,50.0,55.0,1.50,0.200,0.050,194,0
1960282,50.0,50.0,57.1,1.50,0.200,0.050,194,0
1960382,50.0,50.0,52.3,1.50,0.200,0.050,194,0
1960482,50.0,50.0,65.3,1.50,0.200,0.050,194,0
1960582,50.0,50.0,51.8,1.50,0.200,0.050,194,0
1960682,50.0,50.0,38.4,1.50,0.200,0.050,194,0
1960782,50.0,50.0,37.0,1.50,0.200,0.050,194,0
1960882,50.0,50.0,37.4,1.50,0.200,0.050,194,0
1960982,50.0,50.0,41.1,1.50,0.200,0.050,194,0
1961082,50.0,50.0,45.0,1.50,0.200,0.050,194,0
1961182,50.0,50.0,43.9,1.50,0.200,0.050,194,0
1961282,50.0,50.0,40.2,1.50,0.200,0.050,194,0
1961382,50.0,50.0,46.3,1.50,0.200,0.050,194,0
1961482,50.0,50.0,43.2,1.50,0.200,0.050,194,0
1961582,50.0,50.0,51.2,1.50,0.200,0.050,194,0
1961682,50.0,50.0,48.6,1.50,0.200,0.050,194,0
1961782,50.0,50.0,58.7,1.50,0.200,0.050,194,0
1961882,50.0,50.0,58.7,1.50,0.200,0.050,194,0
1961982,50.0,50.0,60.7,1.50,0.200,0.050,194,0
1962082,72.0,50.0,56.8,1.50,0.200,0.050,44,0
1962182,72.0,50.0,44.4,1.50,0.200,0.050,33,0
1962282,72.0,49.7,30.5,1.50,0.200,0.050,34,0
1962382,72.0,49.3,21.6,1.50,0.200,0.050,36,0
1962482,72.0,48.3,15.8,1.50,0.200,0.050,38,0
1962582,72.0,46.5,14.4,1.50,0.200,0.050,41,0
1962682,72.0,43.2,12.8,1.50,0.200,0.050,48,0
1962782,72.0,37.8,12.4,1.50,0.200,0.050,57,0
1962882,72.0,30.7,13.6,1.50,0.200,0.050,70,0
1962982,72.0,23.1,17.3,1.50,0.200,0.050,82,0
1963082,72.0,16.5,18.4,1.50,0.200,0.050,93,0
1963182,72.0,11.6,21.5,1.50,0.200,0.050,101,0
1963282,72.0,8.6,29.2,1.50,0.200,0.050,106,0
1963382,72.0,6.4,36.1,1.50,0.200,0.050,110,0
1963482,72.0,4.9,48.4,1.50,0.200,0.050,113,0
1963582,72.0,3.9,54.2,1.50,0.200,0.050,116,0
1963682,72.0,3.2,62.4,1.50,0.200,0.050,118,0
1963782,72.0,2.7,69.6,1.50,0.200,0.050,120,0
1963882,72.0,2.3,66.2,1.50,0.200,0.050,122,0
1963982,72.0,2.2,64.5,1.50,0.200,0.050,123,0
1964082,72.0,2.8,60.0,1.50,0.200,0.050,123,0
1964182,72.0,4.0,65.3,1.50,0.200,0.050,123,0
1964282,72.0,5.5,63.9,1.50,0.200,0.050,122,0
1964382,72.0,7.1,60.9,1.50,0.200,0.050,120,0
1964482,72.0,8.8,55.8,1.50,0.200,0.050,119,0
1964582,72.0,10.5,56.6,1.50,0.200,0.050,118,0
1964682,72.0,12.0,60.3,1.50,0.200,0.050,117,0
1964782,72.0,13.3,59.2,1.50,0.200,0.050,116,0
1964882,72.0,14.3,55.0,1.50,0.200,0.050,116,0
1964982,72.0,15.1,55.6,1.50,0.200,0.050,116,0
1965082,72.0,15.8,52.9,1.50,0.200,0.050,116,0
1965182,72.0,16.3,48.8,1.50,0.200,0.050,117,0
1965282,72.0,16.8,45.3,1.50,0.200,0.050,117,0
1965382,72.0,17.2,43.6,1.50,0.200,0.050,118,0
1965482,72.0,17.5,44.3,1.50,0.200,0.050,118,0
1965582,72.0,17.9,46.5,1.50,0.200,0.050,119,0
1965682,72.0,18.1,49.6,1.50,0.200,0.050,119,0
1965782,72.0,18.3,49.0,1.50,0.200,0.050,120,0
1965882,72.0,18.5,50.0,1.50,0.200,0.050,121,0
1965982,72.0,18.8,51.9,1.50,0.200,0.050,122,0
1966082,72.0,18.9,54.0,1.50,0.200,0.050,122,0
1966182,72.0,19.2,51.6,1.50,0.200,0.050,123,0
1966282,72.0,19.5,52.6,1.50,0.200,0.050,124,0
1966382,72.0,19.6,53.3,1.50,0.200,0.050,125,0
1966482,72.0,19.9,56.0,1.50,0.200,0.050,125,0
1966582,72.0,20.1,55.0,1.50,0.200,0.050,126,0
1966682,72.0,20.4,52.7,1.50,0.200,0.050,127,0
1966782,72.0,20.6,49.0,1.50,0.200,0.050,127,0
1966882,72.0,20.8,47.6,1.50,0.200,0.050,128,0
1966982,72.0,21.1,55.3,1.50,0.200,0.050,129,0
1967082,72.0,21.3,48.7,1.50,0.200,0.050,129,0
1967182,72.0,21.6,44.6,1.50,0.200,0.050,130,0
1967282,72.0,21.9,42.2,1.50,0.200,0.050,130,0
1967382,72.0,22.2,42.0,1.50,0.200,0.050,131,0
1967482,72.0,22.4,41.8,1.50,0.200,0.050,132,0
1967582,72.0,22.6,40.5,1.50,0.200,0.050,132,0
1967682,72.0,22.9,41.0,1.50,0.200,0.050,133,0
1967782,72.0,23.2,42.3,1.50,0.200,0.050,133,0
1967882,72.0,23.5,42.3,1.50,0.200,0.050,134,0
1967982,72.0,23.8,41.7,1.50,0.200,0.050,134,0
1968082,72.0,24.0,42.4,1.50,0.200,0.050,135,0
1968182,72.0,24.2,43.9,1.50,0.200,0.050,136,0
1968282,72.0,24.5,45.4,1.50,0.200,0.050,136,0
1968382,72.0,24.8,46.8,1.50,0.200,0.050,137,0
1968482,72.0,25.1,47.8,1.50,0.200,0.050,137,0
1968582,72.0,25.3,46.3,1.50,0.200,0.050,138,0
1968682,72.0,25.6,48.8,1.50,0.200,0.050,138,0
1968782,72.0,25.9,52.4,1.50,0.200,0.050,139,0
1968882,72.0,26.1,55.1,1.50,0.200,0.050,139,0
1968982,72.0,26.3,53.6,1.50,0.200,0.050,140,0
1969082,72.0,26.6,55.7,1.50,0.200,0.050,140,0
1969182,72.0,26.9,53.0,1.50,0.200,0.050,141,0
1969282,72.0,27.2,50.6,1.50,0.200,0.050,141,0
1969382,72.0,27.4,50.4,1.50,0.200,0.050,142,0
1969482,72.0,27.6,48.5,1.50,0.200,0.050,142,0
1969582,72.0,27.8,51.0,1.50,0.200,0.050,143,0
1969682,72.0,28.1,55.5,1.50,0.200,0.050,144,0
1969782,72.0,28.3,51.6,1.50,0.200,0.050,144,0
1969882,72.0,28.6,49.6,1.50,0.200,0.050,145,0
1969982,72.0,28.8,52.1,1.50,0.200,0.050,145,0
1970082,72.0,29.0,50.1,1.50,0.200,0.050,146,0
1970182,72.0,29.3,50.3,1.50,0.200,0.050,146,0
1970282,72.0,29.5,50.2,1.50,0.200,0.050,147,0
1970382,72.0,29.8,47.0,1.50,0.200,0.050,147,0
1970482,72.0,30.0,49.0,1.50,0.200,0.050,148,0
1970582,72.0,30.2,48.8,1.50,0.200,0.050,148,0
1970682,72.0,30.4,50.1,1.50,0.200,0.050,149,0
1970782,72.0,30.6,47.0,1.50,0.200,0.050,149,0
1970882,72.0,30.9,44.4,1.50,0.200,0.050,150,0
1970982,72.0,31.1,46.7,1.50,0.200,0.050,150,0
1971082,72.0,31.3,46.5,1.50,0.200,0.050,150,0
1971182,72.0,31.5,44.6,1.50,0.200,0.050,151,0
1971282,72.0,31.8,46.1,1.50,0.200,0.050,151,0
1971382,72.0,32.0,45.8,1.50,0.200,0.050,152,0
1971482,72.0,32.2,49.6,1.50,0.200,0.050,152,0
1971582,72.0,32.4,54.8,1.50,0.200,0.050,153,0
1971682,72.0,32.6,61.9,1.50,0.200,0.050,153,0
1971782,72.0,32.8,60.1,1.50,0.200,0.050,154,0
1971882,72.0,33.0,55.0,1.50,0.200,0.050,154,0
1971982,72.0,33.2,58.8,1.50,0.200,0.050,155,0
1972082,72.0,33.4,55.4,1.50,0.200,0.050,155,0
1972182,72.0,33.6,55.6,1.50,0.200,0.050,156,0
1972282,72.0,33.7,54.1,1.50,0.200,0.050,156,0
1972382,72.0,33.9,50.0,1.50,0.200,0.050,157,0
1972482,72.0,34.1,51.2,1.50,0.200,0.050,157,0
1972582,72.0,34.3,47.5,1.50,0.200,0.050,158,0
1972682,72.0,34.5,45.6,1.50,0.200,0.050,158,0
1972782,72.0,34.7,46.9,1.50,0.200,0.050,159,0
1972882,72.0,34.9,46.0,1.50,0.200,0.050,159,0
1972982,72.0,35.1,51.4,1.50,0.200,0.050,160,0
1973082,72.0,35.3,62.2,1.50,0.200,0.050,160,0
1973182,72.0,35.4,57.9,1.50,0.200,0.050,161,0
1973282,72.0,35.6,59.4,1.50,0.200,0.050,161,0
1973382,72.0,35.8,65.8,1.50,0.200,0.050,161,0
1973482,72.0,36.0,60.5,1.50,0.200,0.050,162,0
1973582,72.0,36.2,50.8,1.50,0.200,0.050,162,0
1973682,72.0,36.3,57.2,1.50,0.200,0.050,163,0
1973782,72.0,36.5,49.8,1.50,0.200,0.050,163,0
1973882,72.0,36.7,51.8,1.50,0.200,0.050,164,0
1973982,72.0,36.9,56.8,1.50,0.200,0.050,164,0
1974082,72.0,37.0,56.8,1.50,0.200,0.050,165,0
1974182,72.0,37.2,52.2,1.50,0.200,0.050,165,0
1974282,72.0,37.4,51.4,1.50,0.200,0.050,165,0
1974382,72.0,37.6,55.3,1.50,0.200,0.050,166,0
1974482,72.0,37.7,52.2,1.50,0.200,0.050,166,0
1974582,72.0,37.9,51.6,1.50,0.200,0.050,167,0
1974682,72.0,38.1,50.9,1.50,0.200,0.050,167,0
1974782,72.0,38.2,51.6,1.50,0.200,0.050,168,0
1974882,72.0,38.4,48.9,1.50,0.200,0.050,168,0
1974982,72.0,38.6,48.1,1.50,0.200,0.050,168,0
1975082,72.0,38.7,47.0,1.50,0.200,0.050,169,0
1975182,72.0,38.9,43.7,1.50,0.200,0.050,169,0
1975282,72.0,39.0,40.0,1.50,0.200,0.050,170,0
1975382,72.0,39.2,41.6,1.50,0.200,0.050,170,0
1975482,72.0,39.4,48.6,1.50,0.200,0.050,170,0
1975582,72.0,39.5,51.3,1.50,0.200,0.050,171,0
1975682,72.0,39.7,49.6,1.50,0.200,0.050,171,0
1975782,72.0,39.8,50.1,1.50,0.200,0.050,172,0
1975882,72.0,40.0,47.4,1.50,0.200,0.050,172,0
1975982,72.0,40.2,50.3,1.50,0.200,0.050,173,0
1976082,72.0,40.3,55.8,1.50,0.200,0.050,173,0
1976182,72.0,40.5,57.9,1.50,0.200,0.050,173,0
1976282,72.0,40.6,58.7,1.50,0.200,0.050,174,0
1976382,72.0,40.7,54.6,1.50,0.200,0.050,174,0
1976482,72.0,40.9,53.3,1.50,0.200,0.050,175,0
1976582,72.0,41.1,51.7,1.50,0.200,0.050,175,0
1976682,72.0,41.2,50.2,1.50,0.200,0.050,175,0
1976782,72.0,41.3,46.7,1.50,0.200,0.050,176,0
1976882,72.0,41.5,45.6,1.50,0.200,0.050,176,0
1976982,72.0,41.6,45.1,1.50,0.200,0.050,177,0
1977082,72.0,41.8,49.5,1.50,0.200,0.050,177,0
1977182,72.0,41.9,50.1,1.50,0.200,0.050,177,0
1977282,72.0,42.0,50.7,1.50,0.200,0.050,178,0
1977382,72.0,42.2,50.2,1.50,0.200,0.050,178,0
1977482,72.0,42.3,51.9,1.50,0.200,0.050,178,0
1977582,72.0,42.5,51.0,1.50,0.200,0.050,179,0
1977682,72.0,42.6,51.6,1.50,0.200,0.050,179,0
1977782,72.0,42.7,52.7,1.50,0.200,0.050,180,0
1977882,72.0,42.9,48.4,1.50,0.200,0.050,180,0
1977982,72.0,43.0,50.9,1.50,0.200,0.050,180,0
1978082,72.0,43.2,48.4,1.50,0.200,0.050,181,0
1978182,72.0,43.3,45.5,1.50,0.200,0.050,181,0
1978282,72.0,43.4,40.8,1.50,0.200,0.050,181,0
1978382,72.0,43.6,43.2,1.50,0.200,0.050,182,0
1978482,72.0,43.7,49.5,1.50,0.200,0.050,182,0
1978582,72.0,43.8,58.8,1.50,0.200,0.050,183,0
1978682,72.0,43.9,63.0,1.50,0.200,0.050,183,0
1978782,72.0,44.1,55.8,1.50,0.200,0.050,183,0
1978882,72.0,44.2,58.0,1.50,0.200,0.050,184,0
1978982,72.0,44.3,52.6,1.50,0.200,0.050,184,0
1979082,72.0,44.4,49.1,1.50,0.200,0.050,184,0
1979182,72.0,44.6,51.8,1.50,0.200,0.050,185,0
1979282,72.0,44.7,47.0,1.50,0.200,0.050,185,0
1979382,72.0,44.8,48.1,1.50,0.200,0.050,185,0
1979482,72.0,45.0,55.1,1.50,0.200,0.050,186,0
1979582,72.0,45.1,61.2,1.50,0.200,0.050,186,0
1979682,72.0,45.2,58.2,1.50,0.200,0.050,187,0
1979782,72.0,45.3,57.3,1.50,0.200,0.050,187,0
1979882,72.0,45.4,51.0,1.50,0.200,0.050,187,0
1979982,72.0,45.6,54.5,1.50,0.200,0.050,188,0
1980082,72.0,45.7,49.9,1.50,0.200,0.050,188,0
1980182,72.0,45.7,50.4,1.50,0.200,0.050,189,0
1980282,72.0,45.6,49.8,1.50,0.200,0.050,189,0
1980382,72.0,45.4,53.3,1.50,0.200,0.050,190,0
1980482,72.0,45.2,58.0,1.50,0.200,0.050,191,0
1980582,72.0,45.0,57.0,1.50,0.200,0.050,192,0
1980682,72.0,44.6,67.2,1.50,0.200,0.050,193,0
1980782,72.0,44.2,69.0,1.50,0.200,0.050,194,0
1980882,72.0,43.8,67.3,1.50,0.200,0.050,195,0
1980982,72.0,43.4,67.7,1.50,0.200,0.050,197,0
1981082,72.0,43.0,74.4,1.50,0.200,0.050,198,0
1981182,72.0,42.6,79.5,1.50,0.200,0.050,199,0
1981282,72.0,42.3,91.1,1.50,0.200,0.050,200,0
1981382,72.0,42.1,88.9,1.50,0.200,0.050,201,0
1981482,72.0,42.0,83.2,1.50,0.200,0.050,201,0
1981582,72.0,41.9,85.8,1.50,0.200,0.050,202,0
1981682,72.0,41.8,86.5,1.50,0.200,0.050,203,0
1981782,72.0,41.8,87.4,1.50,0.200,0.050,204,0
1981882,72.0,41.8,91.3,1.50,0.200,0.050,204,0
1981982,72.0,41.9,101.4,1.50,0.200,0.050,205,0
1982082,72.0,41.9,91.1,1.50,0.200,0.050,205,0
1982182,72.0,41.9,83.9,1.50,0.200,0.050,206,0
1982282,72.0,42.0,68.6,1.50,0.200,0.050,206,0
1982382,72.0,42.2,93.7,1.50,0.200,0.050,207,0
1982482,72.0,42.2,110.0,1.50,0.200,0.050,207,0
1982582,72.0,42.3,98.6,1.50,0.200,0.050,208,0
1982682,72.0,42.4,102.2,1.50,0.200,0.050,208,0
1982782,72.0,42.5,101.6,1.50,0.200,0.050,208,0
1982882,72.0,42.6,102.5,1.50,0.200,0.050,209,0
1982982,72.0,42.6,102.5,1.50,0.200,0.050,209,0
1983082,72.0,42.8,101.0,1.50,0.200,0.050,210,0
1983182,72.0,42.9,99.9,1.50,0.200,0.050,210,0
1983282,72.0,43.1,104.0,1.50,0.200,0.050,210,0
1983382,72.0,43.2,100.0,1.50,0.200,0.050,211,0
1983482,72.0,43.3,99.5,1.50,0.200,0.050,211,0
1983582,72.0,43.5,98.0,1.50,0.200,0.050,211,0
1983682,72.0,43.7,95.2,1.50,0.200,0.050,212,0
1983782,72.0,43.8,97.6,1.50,0.200,0.050,212,0
1983882,72.0,43.9,92.9,1.50,0.200,0.050,213,0
1983982,72.0,44.2,93.4,1.50,0.200,0.050,213,0
1984082,72.0,44.4,94.4,1.50,0.200,0.050,213,0
1984182,72.0,44.5,98.9,1.50,0.200,0.050,213,0
1984282,72.0,44.7,95.7,1.50,0.200,0.050,214,0
1984382,72.0,44.9,91.9,1.50,0.200,0.050,214,0
1984482,72.0,45.1,93.2,1.50,0.200,0.050,214,0
1984582,72.0,45.3,93.1,1.50,0.200,0.050,214,0
1984682,72.0,45.5,99.0,1.50,0.200,0.050,215,0
1984782,72.0,45.7,109.7,1.50,0.200,0.050,215,0
1984882,72.0,45.8,119.2,1.50,0.200,0.050,215,0
1984982,72.0,46.0,110.9,1.50,0.200,0.050,215,0
1985082,72.0,46.1,106.1,1.50,0.200,0.050,216,0
1985182,72.0,46.4,102.0,1.50,0.200,0.050,216,0
1985282,72.0,46.5,104.1,1.50,0.200,0.050,216,0
1985382,72.0,46.7,124.0,1.50,0.200,0.050,216,0
1985482,72.0,46.8,126.1,1.50,0.200,0.050,217,0
1985582,72.0,47.0,113.1,1.50,0.200,0.050,217,0
1985682,72.0,47.1,109.1,1.50,0.200,0.050,217,0
1985782,72.0,47.2,103.4,1.50,0.200,0.050,218,0
1985882,72.0,47.4,96.6,1.50,0.200,0.050,218,0
1985982,72.0,47.6,95.8,1.50,0.200,0.050,218,0
1986082,72.0,47.7,99.1,1.50,0.200,0.050,218,0
1986182,72.0,47.9,100.1,1.50,0.200,0.050,219,0
1986282,72.0,48.0,95.6,1.50,0.200,0.050,219,0
1986382,72.0,48.2,102.9,1.50,0.200,0.050,219,0
1986482,72.0,48.3,125.0,1.50,0.200,0.050,219,0
1986582,72.0,48.4,133.9,1.50,0.200,0.050,220,0
1986682,72.0,48.6,108.3,1.50,0.200,0.050,220,0
1986782,72.0,48.7,114.9,1.50,0.200,0.050,220,0
1986882,72.0,48.7,124.5,1.50,0.200,0.050,221,0
1986982,72.0,48.9,112.6,1.50,0.200,0.050,221,0
1987082,72.0,49.1,111.7,1.50,0.200,0.050,221,0
1987182,72.0,49.2,110.6,1.50,0.200,0.050,221,0
1987282,72.0,49.3,109.3,1.50,0.200,0.050,222,0
1987382,72.0,49.4,119.7,1.50,0.200,0.050,222,0
1987482,72.0,49.6,129.1,1.50,0.200,0.050,222,0
1987582,72.0,49.6,139.1,1.50,0.200,0.050,222,0
1987682,72.0,49.8,142.1,1.50,0.200,0.050,223,0
1987782,72.0,49.9,147.5,1.50,0.200,0.050,223,0
1987882,72.0,50.0,141.9,1.50,0.200,0.050,223,0
1987982,72.0,50.1,127.9,1.50,0.200,0.050,223,0
1988082,72.0,50.3,114.4,1.50,0.200,0.050,224,0
1988182,72.0,50.5,122.0,1.50,0.200,0.050,224,0
1988282,72.0,50.6,140.9,1.50,0.200,0.050,224,0
1988382,72.0,50.7,127.7,1.50,0.200,0.050,224,0
1988482,72.0,50.9,118.8,1.50,0.200,0.050,224,0
1988582,72.0,51.0,136.1,1.50,0.200,0.050,225,0
1988682,72.0,51.0,165.1,1.50,0.200,0.050,225,0
1988782,72.0,51.2,135.4,1.50,0.200,0.050,225,0
1988882,72.0,51.4,120.9,1.50,0.200,0.050,225,0
1988982,72.0,51.5,138.0,1.50,0.200,0.050,226,0
1989082,72.0,51.6,136.2,1.50,0.200,0.050,226,0
1989182,72.0,51.8,130.0,1.50,0.200,0.050,226,0
1989282,72.0,52.0,147.1,1.50,0.200,0.050,226,0
1989382,72.0,52.1,142.1,1.50,0.200,0.050,226,0
1989482,72.0,52.3,120.1,1.50,0.200,0.050,226,0
1989582,72.0,52.6,113.0,1.50,0.200,0.050,226,0
1989682,72.0,52.7,119.9,1.50,0.200,0.050,227,0
1989782,72.0,52.9,114.4,1.50,0.200,0.050,227,0
1989882,72.0,53.0,113.5,1.50,0.200,0.050,227,0
1989982,72.0,53.2,111.9,1.50,0.200,0.050,227,0
1990082,72.0,53.3,116.4,1.50,0.200,0.050,227,0
1990182,72.0,53.4,116.1,1.50,0.200,0.050,227,0
1990282,72.0,53.6,118.7,1.50,0.200,0.050,227,0
1990382,72.0,53.6,122.8,1.50,0.200,0.050,228,0
1990482,72.0,53.7,124.0,1.50,0.200,0.050,228,0
1990582,72.0,53.9,130.3,1.50,0.200,0.050,228,0
1990682,72.0,53.9,142.4,1.50,0.200,0.050,229,0
1990782,72.0,54.0,126.1,1.50,0.200,0.050,229,0
1990882,72.0,54.1,116.9,1.50,0.200,0.050,229,0
1990982,72.0,54.2,145.7,1.50,0.200,0.050,229,0
1991082,72.0,54.2,137.9,1.50,0.200,0.050,229,0
1991182,72.0,54.3,129.6,1.50,0.200,0.050,230,0
1991282,72.0,54.5,139.9,1.50,0.200,0.050,230,0
1991382,72.0,54.5,142.2,1.50,0.200,0.050,230,0
1991482,72.0,54.6,136.1,1.50,0.200,0.050,230,0
1991582,72.0,54.7,144.0,1.50,0.200,0.050,230,0
1991682,72.0,54.8,174.4,1.50,0.200,0.050,231,0
1991782,72.0,54.9,182.7,1.50,0.200,0.050,231,0
1991882,72.0,55.0,175.2,1.50,0.200,0.050,231,0
1991982,72.0,55.1,170.8,1.50,0.200,0.050,231,0
1992082,72.0,55.2,176.3,1.50,0.200,0.050,231,0
1992182,72.0,55.3,187.1,1.50,0.200,0.050,232,0
1992282,72.0,55.4,165.6,1.50,0.200,0.050,232,0
1992382,72.0,55.4,153.0,1.50,0.200,0.050,232,0
1992482,72.0,55.6,133.5,1.50,0.200,0.050,232,0
1992582,72.0,55.8,121.1,1.50,0.200,0.050,232,0
1992682,72.0,55.9,168.4,1.50,0.200,0.050,232,0
1992782,72.0,56.0,162.2,1.50,0.200,0.050,233,0
1992882,72.0,56.2,144.2,1.50,0.200,0.050,232,0
1992982,72.0,56.3,140.6,1.50,0.200,0.050,233,0
1993082,72.0,56.4,128.4,1.50,0.200,0.050,233,0
1993182,72.0,56.6,140.0,1.50,0.200,0.050,233,0
1993282,72.0,56.7,160.3,1.50,0.200,0.050,233,0
1993382,72.0,56.8,183.6,1.50,0.200,0.050,233,0
1993482,72.0,56.9,185.5,1.50,0.200,0.050,233,0
1993582,72.0,57.1,159.6,1.50,0.200,0.050,233,0
1993682,72.0,57.1,153.0,1.50,0.200,0.050,234,0
1993782,72.0,57.2,136.8,1.50,0.200,0.050,234,0
1993882,72.0,57.4,155.7,1.50,0.200,0.050,234,0
1993982,72.0,57.5,148.0,1.50,0.200,0.050,234,0
1994082,72.0,57.6,133.0,1.50,0.200,0.050,234,0
1994182,72.0,57.8,123.2,1.50,0.200,0.050,234,0
1994282,72.0,57.7,149.2,1.50,0.200,0.050,234,0
1994382,72.0,57.7,138.7,1.50,0.200,0.050,235,0
1994482,72.0,57.9,126.3,1.50,0.200,0.050,235,0
1994582,72.0,57.9,155.5,1.50,0.200,0.050,235,0
1994682,72.0,58.0,136.4,1.50,0.200,0.050,235,0
1994782,72.0,58.2,147.2,1.50,0.200,0.050,235,0
1994882,72.0,58.3,192.4,1.50,0.200,0.050,235,0
1994982,72.0,58.4,165.3,1.50,0.200,0.050,235,0
1995082,72.0,58.5,147.3,1.50,0.200,0.050,235,0
1995182,72.0,58.6,149.9,1.50,0.200,0.050,236,0
1995282,72.0,58.6,144.3,1.50,0.200,0.050,236,0
1995382,72.0,58.7,149.0,1.50,0.200,0.050,236,0
1995482,72.0,58.7,161.7,1.50,0.200,0.050,236,0
1995582,72.0,58.7,186.3,1.50,0.200,0.050,237,0
1995682,72.0,58.8,154.4,1.50,0.200,0.050,237,0
1995782,72.0,58.9,149.3,1.50,0.200,0.050,237,0
1995882,72.0,58.9,189.5,1.50,0.200,0.050,237,0
1995982,72.0,58.9,194.6,1.50,0.200,0.050,237,0
1996082,72.0,59.0,212.4,1.50,0.200,0.050,237,0
1996182,72.0,59.0,211.7,1.50,0.200,0.050,238,0
1996282,72.0,59.0,220.9,1.50,0.200,0.050,238,0
1996382,72.0,59.2,194.0,1.50,0.200,0.050,238,0
1996482,72.0,59.2,214.6,1.50,0.200,0.050,238,0
1996582,72.0,59.3,190.7,1.50,0.200,0.050,238,0
1996682,72.0,59.4,176.4,1.50,0.200,0.050,238,0
1996782,72.0,59.4,210.2,1.50,0.200,0.050,239,0
1996882,72.0,59.5,173.3,1.50,0.200,0.050,239,0
1996982,72.0,59.6,193.2,1.50,0.200,0.050,239,0
1997082,72.0,59.6,236.2,1.50,0.200,0.050,239,0
1997182,72.0,59.6,174.0,1.50,0.200,0.050,239,0
1997282,72.0,59.7,171.0,1.50,0.200,0.050,239,0
1997382,72.0,59.7,177.9,1.50,0.200,0.050,240,0
1997482,72.0,59.8,180.5,1.50,0.200,0.050,240,0
1997582,72.0,59.9,163.2,1.50,0.200,0.050,240,0
1997682,72.0,60.0,177.5,1.50,0.200,0.050,240,0
1997782,72.0,60.1,147.5,1.50,0.200,0.050,240,0
1997882,72.0,60.4,122.3,1.50,0.200,0.050,240,0
1997982,72.0,60.8,94.4,1.50,0.200,0.050,239,0
1998082,72.0,61.3,66.4,1.50,0.200,0.050,239,0
1998182,72.0,61.8,46.1,1.50,0.200,0.050,238,0
1998282,72.0,62.4,45.7,1.50,0.200,0.050,237,0
1998382,72.0,62.9,40.9,1.50,0.200,0.050,237,0
1998482,72.0,63.4,37.6,1.50,0.200,0.050,236,0
1998582,72.0,63.8,32.1,1.50,0.200,0.050,236,0
1998682,72.0,64.2,34.4,1.50,0.200,0.050,235,0
1998782,72.0,64.5,42.3,1.50,0.200,0.050,235,0
1998882,72.0,64.8,39.5,1.50,0.200,0.050,235,0
1998982,72.0,65.1,43.6,1.50,0.200,0.050,234,0
1999082,72.0,65.3,48.3,1.50,0.200,0.050,234,0
1999182,72.0,65.5,43.8,1.50,0.200,0.050,234,0
1999282,72.0,65.6,39.6,1.50,0.200,0.050,234,0
1999382,72.0,65.8,53.8,1.50,0.200,0.050,234,0
1999482,72.0,65.9,45.6,1.50,0.200,0.050,234,0
1999582,72.0,66.0,38.8,1.50,0.200,0.050,234,0
1999682,72.0,66.1,36.1,1.50,0.200,0.050,234,0
1999782,72.0,66.2,44.0,1.50,0.200,0.050,234,0
1999882,72.0,66.3,65.4,1.50,0.200,0.050,234,0
1999982,72.0,66.3,49.8,1.50,0.200,0.050,234,0
2000082,72.0,66.4,59.6,1.50,0.200,0.050,234,0
2000182,72.0,66.5,76.7,1.50,0.200,0.050,234,0
2000282,72.0,66.5,82.9,1.50,0.200,0.050,234,0
2000382,72.0,66.6,69.4,1.50,0.200,0.050,234,0
2000482,72.0,66.6,51.9,1.50,0.200,0.050,234,0
2000582,72.0,66.7,62.4,1.50,0.200,0.050,234,0
2000682,72.0,66.7,59.1,1.50,0.200,0.050,234,0
2000782,72.0,66.8,52.4,1.50,0.200,0.050,234,0
2000882,72.0,66.8,44.2,1.50,0.200,0.050,234,0
2000982,72.0,66.9,40.4,1.50,0.200,0.050,234,0
2001082,72.0,66.9,34.7,1.50,0.200,0.050,234,0
2001182,72.0,66.9,35.4,1.50,0.200,0.050,234,0
2001282,72.0,67.0,33.0,1.50,0.200,0.050,234,0
2001382,72.0,67.0,31.0,1.50,0.200,0.050,235,0
2001482,72.0,67.0,34.1,1.50,0.200,0.050,235,0
2001582,72.0,67.1,48.9,1.50,0.200,0.050,235,0
2001682,72.0,67.1,45.5,1.50,0.200,0.050,235,0
2001782,72.0,67.2,50.1,1.50,0.200,0.050,235,0
2001882,72.0,67.2,42.2,1.50,0.200,0.050,235,0
2001982,72.0,67.2,49.0,1.50,0.200,0.050,235,0
2002082,72.0,67.3,57.8,1.50,0.200,0.050,235,0
2002182,72.0,67.3,51.4,1.50,0.200,0.050,235,0
2002282,72.0,67.3,48.3,1.50,0.200,0.050,235,0
2002382,72.0,67.4,41.6,1.50,0.200,0.050,235,0
2002482,72.0,67.4,41.8,1.50,0.200,0.050,235,0
2002582,72.0,67.4,55.6,1.50,0.200,0.050,235,0
2002682,72.0,67.5,55.7,1.50,0.200,0.050,235,0
2002782,72.0,67.5,48.0,1.50,0.200,0.050,235,0
2002882,72.0,67.5,58.1,1.50,0.200,0.050,235,0
2002982,72.0,67.5,47.7,1.50,0.200,0.050,235,0
2003082,72.0,67.5,60.8,1.50,0.200,0.050,235,0
2003182,72.0,67.6,63.4,1.50,0.200,0.050,235,0
2003282,72.0,67.6,53.0,1.50,0.200,0.050,235,0
2003382,72.0,67.6,57.0,1.50,0.200,0.050,235,0
2003482,72.0,67.6,56.1,1.50,0.200,0.050,235,0
2003582,72.0,67.6,61.8,1.50,0.200,0.050,236,0
2003682,72.0,67.7,52.1,1.50,0.200,0.050,236,0
2003782,72.0,67.7,46.5,1.50,0.200,0.050,236,0
2003882,72.0,67.7,64.4,1.50,0.200,0.050,236,0
2003982,72.0,67.8,75.6,1.50,0.200,0.050,236,0
2004082,72.0,67.8,54.8,1.50,0.200,0.050,236,0
2004182,72.0,67.8,48.7,1.50,0.200,0.050,236,0
2004282,72.0,67.9,38.7,1.50,0.200,0.050,236,0
2004382,72.0,67.9,43.0,1.50,0.200,0.050,236,0
2004482,72.0,67.9,51.7,1.50,0.200,0.050,236,0
2004582,72.0,68.0,48.2,1.50,0.200,0.050,236,0
2004682,72.0,68.0,44.4,1.50,0.200,0.050,236,0
2004782,72.0,68.0,41.5,1.50,0.200,0.050,236,0
2004882,72.0,68.0,38.9,1.50,0.200,0.050,236,0
2004982,72.0,68.0,44.6,1.50,0.200,0.050,236,0
2005082,72.0,68.1,49.1,1.50,0.200,0.050,236,0
2005182,72.0,68.1,44.6,1.50,0.200,0.050,236,0
2005282,72.0,68.1,43.1,1.50,0.200,0.050,236,0
2005382,72.0,68.1,39.2,1.50,0.200,0.050,236,0
2005482,72.0,68.2,40.6,1.50,0.200,0.050,236,0
2005582,72.0,68.2,54.5,1.50,0.200,0.050,236,0
2005682,72.0,68.2,46.0,1.50,0.200,0.050,236,0
2005782,72.0,68.2,40.4,1.50,0.200,0.050,237,0
2005882,72.0,68.2,41.6,1.50,0.200,0.050,237,0
2005982,72.0,68.3,61.8,1.50,0.200,0.050,237,0
2006082,72.0,68.3,55.0,1.50,0.200,0.050,237,0
2006182,72.0,68.3,51.4,1.50,0.200,0.050,237,0
2006282,72.0,68.4,42.6,1.50,0.200,0.050,237,0
2006382,72.0,68.4,43.8,1.50,0.200,0.050,237,0
2006482,72.0,68.4,51.1,1.50,0.200,0.050,237,0
2006582,72.0,68.5,42.7,1.50,0.200,0.050,237,0
2006682,72.0,68.5,44.2,1.50,0.200,0.050,237,0
2006782,72.0,68.5,57.9,1.50,0.200,0.050,237,0
2006882,25.0,68.5,58.8,1.50,0.200,0.050,0,0
2006982,25.0,68.4,43.1,1.50,0.200,0.050,0,0
2007082,25.0,67.9,27.0,1.50,0.200,0.050,0,0
2007182,25.0,66.9,15.8,1.50,0.200,0.050,0,0
2007282,25.0,64.9,9.5,1.50,0.200,0.050,0,0
2007382,25.0,60.9,6.1,1.50,0.200,0.050,0,0
2007482,25.0,53.3,4.3,1.50,0.200,0.050,0,0
2007582,25.0,41.5,3.2,1.50,0.200,0.050,0,0
2007682,25.0,28.3,2.5,1.50,0.200,0.050,0,0
2007782,25.0,17.9,1.9,1.50,0.200,0.050,10,0
2007882,25.0,11.4,1.7,1.50,0.200,0.050,18,0
2007982,25.0,7.6,1.7,1.50,0.200,0.050,22,0
2008082,25.0,5.4,1.9,1.50,0.200,0.050,25,0
2008182,25.0,4.1,2.0,1.50,0.200,0.050,27,0
2008282,25.0,3.2,2.1,1.50,0.200,0.050,29,0
2008382,25.0,2.6,2.2,1.50,0.200,0.050,30,0
2008482,25.0,2.1,2.3,1.50,0.200,0.050,31,0
2008582,25.0,1.8,2.4,1.50,0.200,0.050,32,0
2008682,25.0,1.6,2.5,1.50,0.200,0.050,33,0
2008782,25.0,1.4,2.7,1.50,0.200,0.050,33,0
2008882,25.0,1.2,3.0,1.50,0.200,0.050,34,0
2008982,25.0,1.1,3.2,1.50,0.200,0.050,35,0
2009082,25.0,1.0,3.4,1.50,0.200,0.050,35,0
2009182,25.0,0.9,3.6,1.50,0.200,0.050,36,0
2009282,25.0,0.8,3.8,1.50,0.200,0.050,37,0
2009382,25.0,0.8,3.9,1.50,0.200,0.050,37,0
2009482,25.0,0.7,4.0,1.50,0.200,0.050,38,0
2009582,25.0,0.7,4.0,1.50,0.200,0.050,38,0
2009682,25.0,0.6,4.1,1.50,0.200,0.050,39,0
2009782,25.0,0.6,4.2,1.50,0.200,0.050,39,0
2009882,25.0,0.5,4.4,1.50,0.200,0.050,40,0
2009982,25.0,0.5,4.6,1.50,0.200,0.050,40,0
2010082,25.0,0.5,4.9,1.50,0.200,0.050,41,0
2010182,25.0,0.5,5.1,1.50,0.200,0.050,42,0
2010282,25.0,0.4,5.5,1.50,0.200,0.050,42,0
2010382,25.0,0.4,5.5,1.50,0.200,0.050,43,0
2010482,25.0,0.4,5.6,1.50,0.200,0.050,43,0
2010582,25.0,0.4,5.7,1.50,0.200,0.050,44,0
2010682,25.0,0.4,5.8,1.50,0.200,0.050,44,0
2010782,25.0,0.3,6.0,1.50,0.200,0.050,45,0
2010882,25.0,0.3,6.4,1.50,0.200,0.050,45,0
2010982,25.0,0.3,6.6,1.50,0.200,0.050,46,0
2011082,25.0,0.3,6.8,1.50,0.200,0.050,46,0
2011182,25.0,0.3,7.1,1.50,0.200,0.050,47,0
2011282,25.0,0.3,7.5,1.50,0.200,0.050,47,0
2011382,25.0,0.3,7.7,1.50,0.200,0.050,48,0
2011482,25.0,0.3,7.7,1.50,0.200,0.050,48,0
2011582,25.0,0.3,8.1,1.50,0.200,0.050,49,0
2011682,25.0,0.2,8.5,1.50,0.200,0.050,49,0
2011782,25.0,0.2,9.1,1.50,0.200,0.050,50,0
2011882,25.0,0.2,9.6,1.50,0.200,0.050,50,0
2011982,25.0,0.2,10.1,1.50,0.200,0.050,51,0
2012082,25.0,0.2,10.4,1.50,0.200,0.050,51,0
2012182,25.0,0.2,10.3,1.50,0.200,0.050,52,0
2012282,25.0,0.2,10.6,1.50,0.200,0.050,52,0
2012382,25.0,0.2,10.8,1.50,0.200,0.050,53,0
2012482,25.0,0.2,11.2,1.50,0.200,0.050,53,0
2012582,25.0,0.2,11.8,1.50,0.200,0.050,54,0
2012682,25.0,0.2,12.7,1.50,0.200,0.050,54,0
2012782,25.0,0.2,12.7,1.50,0.200,0.050,55,0
2012882,25.0,0.2,13.0,1.50,0.200,0.050,55,0
2012982,25.0,0.2,12.8,1.50,0.200,0.050,56,0
2013082,25.0,0.2,13.3,1.50,0.200,0.050,56,0
2013182,25.0,0.2,13.7,1.50,0.200,0.050,57,0
2013282,25.0,0.2,13.8,1.50,0.200,0.050,57,0
2013382,25.0,0.2,14.2,1.50,0.200,0.050,58,0
2013482,25.0,0.2,14.9,1.50,0.200,0.050,58,0
2013582,25.0,0.2,14.5,1.50,0.200,0.050,59,0
2013682,25.0,0.2,14.8,1.50,0.200,0.050,59,0
2013782,25.0,0.1,14.6,1.50,0.200,0.050,60,0
2013882,25.0,0.1,15.3,1.50,0.200,0.050,60,0
2013982,25.0,0.1,15.5,1.50,0.200,0.050,61,0
2014082,25.0,0.1,15.9,1.50,0.200,0.050,61,0
2014182,25.0,0.1,15.9,1.50,0.200,0.050,62,0
2014282,25.0,0.1,15.9,1.50,0.200,0.050,62,0
2014382,25.0,0.1,15.9,1.50,0.200,0.050,63,0
2014482,25.0,0.1,16.2,1.50,0.200,0.050,63,0
2014582,25.0,0.1,16.3,1.50,0.200,0.050,64,0
2014682,25.0,0.1,17.3,1.50,0.200,0.050,64,0
2014782,25.0,0.1,18.4,1.50,0.200,0.050,65,0
2014882,25.0,0.1,19.2,1.50,0.200,0.050,65,0
2014982,25.0,0.1,18.8,1.50,0.200,0.050,66,0
2015082,25.0,0.1,19.5,1.50,0.200,0.050,66,0
2015182,25.0,0.1,22.0,1.50,0.200,0.050,67,0
2015282,25.0,0.1,23.6,1.50,0.200,0.050,67,0
2015382,25.0,0.1,25.7,1.50,0.200,0.050,68,0
2015482,25.0,0.1,25.2,1.50,0.200,0.050,68,0
2015582,25.0,0.1,24.1,1.50,0.200,0.050,69,0
2015682,25.0,0.1,24.0,1.50,0.200,0.050,69,0
2015782,25.0,0.1,23.8,1.50,0.200,0.050,70,0
2015882,25.0,0.1,24.9,1.50,0.200,0.050,70,0
2015982,25.0,0.1,27.6,1.50,0.200,0.050,71,0
2016082,25.0,0.1,28.6,1.50,0.200,0.050,71,0
2016182,25.0,0.1,27.2,1.50,0.200,0.050,72,0
2016282,25.0,0.1,28.1,1.50,0.200,0.050,72,0
2016382,25.0,0.1,30.7,1.50,0.200,0.050,73,0
2016482,25.0,0.1,32.5,1.50,0.200,0.050,73,0
2016582,25.0,0.1,31.7,1.50,0.200,0.050,74,0
2016682,25.0,0.1,29.9,1.50,0.200,0.050,74,0
2016782,25.0,0.1,28.7,1.50,0.200,0.050,75,0
2016882,25.0,0.1,30.2,1.50,0.200,0.050,75,0
2016982,25.0,0.1,32.3,1.50,0.200,0.050,76,0
2017082,25.0,0.1,33.6,1.50,0.200,0.050,76,0
2017182,25.0,0.1,34.0,1.50,0.200,0.050,77,0
2017282,25.0,0.1,32.0,1.50,0.200,0.050,77,0
2017382,25.0,0.1,32.7,1.50,0.200,0.050,78,0
2017482,25.0,0.1,31.8,1.50,0.200,0.050,78,0
2017582,25.0,0.1,34.2,1.50,0.200,0.050,79,0
2017682,25.0,0.1,36.5,1.50,0.200,0.050,79,0
2017782,25.0,0.1,35.2,1.50,0.200,0.050,80,0
2017882,25.0,0.1,34.8,1.50,0.200,0.050,80,0
2017982,25.0,0.1,34.8,1.50,0.200,0.050,81,0
2018082,25.0,0.1,35.3,1.50,0.200,0.050,81,0
2018182,25.0,0.1,35.4,1.50,0.200,0.050,82,0
2018282,25.0,0.1,34.7,1.50,0.200,0.050,82,0
2018382,25.0,0.1,34.2,1.50,0.200,0.050,83,0
2018482,25.0,0.1,36.1,1.50,0.200,0.050,83,0
2018582,25.0,0.1,36.0,1.50,0.200,0.050,84,0
2018682,25.0,0.1,35.6,1.50,0.200,0.050,84,0
2018782,25.0,0.1,35.3,1.50,0.200,0.050,85,0
2018882,25.0,0.1,36.8,1.50,0.200,0.050,85,0
2018982,25.0,0.1,38.5,1.50,0.200,0.050,86,0
2019082,25.0,0.1,42.2,1.50,0.200,0.050,86,0
2019182,25.0,0.1,41.4,1.50,0.200,0.050,87,0
2019282,25.0,0.1,43.8,1.50,0.200,0.050,87,0
2019382,25.0,0.1,43.6,1.50,0.200,0.050,88,0
2019482,25.0,0.1,43.1,1.50,0.200,0.050,88,0
2019582,25.0,0.1,44.6,1.50,0.200,0.050,89,0
2019682,25.0,0.1,42.9,1.50,0.200,0.050,89,0
2019782,25.0,0.1,42.8,1.50,0.200,0.050,90,0
2019882,25.0,0.1,41.7,1.50,0.200,0.050,90,0
2019982,25.0,0.1,39.7,1.50,0.200,0.050,91,0
2020082,25.0,0.1,38.4,1.50,0.200,0.050,91,0
2020182,25.0,0.1,38.5,1.50,0.200,0.050,92,0
2020282,25.0,0.1,39.2,1.50,0.200,0.050,92,0
2020382,25.0,0.1,41.9,1.50,0.200,0.050,93,0
2020482,25.0,0.1,42.6,1.50,0.200,0.050,93,0
2020582,25.0,0.1,40.9,1.50,0.200,0.050,94,0
2020682,25.0,0.1,41.7,1.50,0.200,0.050,94,0
2020782,25.0,0.1,44.6,1.50,0.200,0.050,95,0
2020882,25.0,0.1,47.4,1.50,0.200,0.050,95,0
2020982,25.0,0.1,46.5,1.50,0.200,0.050,96,0
2021082,25.0,0.1,48.7,1.50,0.200,0.050,96,0
2021182,25.0,0.1,52.5,1.50,0.200,0.050,97,0
2021282,25.0,0.1,55.1,1.50,0.200,0.050,97,0
2021382,25.0,0.1,50.1,1.50,0.200,0.050,98,0
2021482,25.0,0.1,48.5,1.50,0.200,0.050,98,0
2021582,25.0,0.1,49.0,1.50,0.200,0.050,99,0
2021682,25.0,0.1,56.3,1.50,0.200,0.050,99,0
2021782,25.0,0.1,55.2,1.50,0.200,0.050,100,0
2021882,25.0,0.1,50.4,1.50,0.200,0.050,100,0
2021982,25.0,0.1,59.3,1.50,0.200,0.050,101,0
2022082,25.0,0.1,58.3,1.50,0.200,0.050,101,0
2022182,25.0,0.1,52.5,1.50,0.200,0.050,102,0
2022282,25.0,0.2,47.4,1.50,0.200,0.050,102,0
2022382,25.0,0.2,53.6,1.50,0.200,0.050,102,0
2022482,25.0,0.3,52.4,1.50,0.200,0.050,103,0
2022582,25.0,0.5,49.0,1.50,0.200,0.050,103,0
2022682,25.0,0.6,47.4,1.50,0.200,0.050,103,0
2022782,25.0,0.8,46.1,1.50,0.200,0.050,104,0
2022882,25.0,1.0,52.2,1.50,0.200,0.050,104,0
2022982,25.0,1.3,49.9,1.50,0.200,0.050,104,0
2023082,25.0,1.7,44.8,1.50,0.200,0.050,104,0
2023182,25.0,2.1,43.4,1.50,0.200,0.050,103,0
2023282,25.0,2.6,41.6,1.50,0.200,0.050,103,0
2023382,25.0,3.1,42.9,1.50,0.200,0.050,103,0
2023482,25.0,3.7,42.2,1.50,0.200,0.050,102,0
2023582,25.0,4.4,40.7,1.50,0.200,0.050,102,0
2023682,25.0,5.0,44.5,1.50,0.200,0.050,101,0
2023782,25.0,5.6,42.4,1.50,0.200,0.050,100,0
2023882,25.0,6.2,44.6,1.50,0.200,0.050,100,0
2023982,25.0,6.8,43.8,1.50,0.200,0.050,100,0
2024082,25.0,7.2,46.6,1.50,0.200,0.050,99,0
2024182,25.0,7.6,49.0,1.50,0.200,0.050,99,0
2024282,25.0,8.0,46.4,1.50,0.200,0.050,99,0
2024382,25.0,8.2,46.3,1.50,0.200,0.050,99,0
2024482,25.0,8.5,47.4,1.50,0.200,0.050,99,0
2024582,25.0,8.7,46.9,1.50,0.200,0.050,99,0
2024682,25.0,9.0,48.0,1.50,0.200,0.050,99,0
2024782,25.0,9.2,45.4,1.50,0.200,0.050,99,0
2024882,25.0,9.4,47.4,1.50,0.200,0.050,99,0
2024982,25.0,9.5,46.0,1.50,0.200,0.050,99,0
2025082,25.0,9.7,46.8,1.50,0.200,0.050,99,0
2025182,25.0,9.7,46.6,1.50,0.200,0.050,99,0
2025282,25.0,9.8,46.5,1.50,0.200,0.050,99,0
2025382,25.0,9.9,45.4,1.50,0.200,0.050,100,0
2025482,25.0,9.9,46.6,1.50,0.200,0.050,100,0
2025582,25.0,10.0,45.6,1.50,0.200,0.050,100,0
2025682,25.0,10.1,44.0,1.50,0.200,0.050,100,0
2025782,25.0,10.1,45.0,1.50,0.200,0.050,101,0
2025882,25.0,10.1,46.2,1.50,0.200,0.050,101,0
2025982,25.0,10.1,43.8,1.50,0.200,0.050,101,0
2026082,25.0,10.2,42.9,1.50,0.200,0.050,101,0
2026182,25.0,10.2,41.1,1.50,0.200,0.050,102,0
2026282,25.0,10.3,41.0,1.50,0.200,0.050,102,0
2026382,25.0,10.3,46.8,1.50,0.200,0.050,102,0
2026482,25.0,10.4,48.1,1.50,0.200,0.050,102,0
2026582,25.0,10.5,47.9,1.50,0.200,0.050,102,0
2026682,25.0,10.6,47.9,1.50,0.200,0.050,102,0
2026782,25.0,10.7,48.8,1.50,0.200,0.050,103,0
2026882,25.0,10.7,50.2,1.50,0.200,0.050,103,0
2026982,25.0,10.8,51.9,1.50,0.200,0.050,103,0
2027082,25.0,10.9,50.9,1.50,0.200,0.050,103,0
2027182,25.0,10.9,50.0,1.50,0.200,0.050,103,0
2027282,25.0,11.0,47.2,1.50,0.200,0.050,104,0
2027382,25.0,11.0,47.5,1.50,0.200,0.050,104,0
2027482,25.0,11.1,46.9,1.50,0.200,0.050,104,0
2027582,25.0,11.1,48.5,1.50,0.200,0.050,104,0
2027682,25.0,11.2,47.9,1.50,0.200,0.050,104,0
2027782,25.0,11.2,48.5,1.50,0.200,0.050,105,0
2027882,25.0,11.3,49.8,1.50,0.200,0.050,105,0
2027982,25.0,11.4,50.3,1.50,0.200,0.050,105,0
2028082,25.0,11.5,52.4,1.50,0.200,0.050,105,0
2028182,25.0,11.5,49.1,1.50,0.200,0.050,105,0
2028282,25.0,11.7,49.3,1.50,0.200,0.050,105,0
2028382,25.0,11.7,46.6,1.50,0.200,0.050,105,0
2028482,25.0,11.8,52.1,1.50,0.200,0.050,106,0
2028582,25.0,11.8,47.7,1.50,0.200,0.050,106,0
2028682,25.0,11.9,47.3,1.50,0.200,0.050,106,0
2028782,25.0,12.0,51.8,1.50,0.200,0.050,106,0
2028882,25.0,12.0,50.2,1.50,0.200,0.050,106,0
2028982,25.0,12.1,49.9,1.50,0.200,0.050,106,0
2029082,25.0,12.1,49.8,1.50,0.200,0.050,107,0
2029182,25.0,12.2,53.3,1.50,0.200,0.050,107,0
2029282,25.0,12.3,54.1,1.50,0.200,0.050,107,0
2029382,25.0,12.4,53.7,1.50,0.200,0.050,107,0
2029482,25.0,12.5,53.4,1.50,0.200,0.050,107,0
2029582,25.0,12.6,51.3,1.50,0.200,0.050,107,0
2029682,25.0,12.6,51.2,1.50,0.200,0.050,107,0
2029782,25.0,12.7,49.4,1.50,0.200,0.050,107,0
2029882,25.0,12.8,46.5,1.50,0.200,0.050,108,0
2029982,25.0,12.8,46.7,1.50,0.200,0.050,108,0
2030082,25.0,12.9,45.7,1.50,0.200,0.050,108,0
2030182,25.0,13.0,48.0,1.50,0.200,0.050,108,0
2030282,25.0,13.0,49.0,1.50,0.200,0.050,108,0
2030382,25.0,13.1,46.6,1.50,0.200,0.050,108,0
2030482,25.0,13.2,46.2,1.50,0.200,0.050,108,0
2030582,25.0,13.2,50.3,1.50,0.200,0.050,109,0
2030682,25.0,13.3,47.0,1.50,0.200,0.050,109,0
2030782,25.0,13.4,49.0,1.50,0.200,0.050,109,0
2030882,25.0,13.5,50.4,1.50,0.200,0.050,109,0
2030982,25.0,13.6,54.1,1.50,0.200,0.050,109,0
2031082,25.0,13.7,57.7,1.50,0.200,0.050,109,0
2031182,25.0,13.7,52.7,1.50,0.200,0.050,109,0
2031282,25.0,13.8,59.6,1.50,0.200,0.050,109,0
2031382,25.0,13.8,64.4,1.50,0.200,0.050,110,0
2031482,25.0,13.9,60.1,1.50,0.200,0.050,110,0
2031582,25.0,13.9,67.2,1.50,0.200,0.050,110,0
2031682,25.0,14.0,58.9,1.50,0.200,0.050,110,0
2031782,25.0,14.1,68.4,1.50,0.200,0.050,110,0
2031882,25.0,14.2,59.8,1.50,0.200,0.050,110,0
2031982,25.0,14.2,54.6,1.50,0.200,0.050,110,0
2032082,25.0,14.3,46.3,1.50,0.200,0.050,110,0
2032182,25.0,14.4,46.1,1.50,0.200,0.050,110,0
2032282,25.0,14.5,44.3,1.50,0.200,0.050,111,0
2032382,25.0,14.5,44.2,1.50,0.200,0.050,111,0
2032482,25.0,14.6,43.3,1.50,0.200,0.050,111,0
2032582,25.0,14.6,46.4,1.50,0.200,0.050,111,0
2032682,25.0,14.7,45.3,1.50,0.200,0.050,111,0
2032782,25.0,14.7,47.7,1.50,0.200,0.050,111,0
2032882,25.0,14.8,46.7,1.50,0.200,0.050,111,0
2032982,25.0,14.9,47.2,1.50,0.200,0.050,111,0
2033082,25.0,14.9,50.0,1.50,0.200,0.050,111,0
2033182,25.0,15.0,49.5,1.50,0.200,0.050,112,0
2033282,25.0,15.1,50.0,1.50,0.200,0.050,112,0
2033382,25.0,15.2,48.6,1.50,0.200,0.050,112,0
2033482,25.0,15.3,50.8,1.50,0.200,0.050,112,0
2033582,25.0,15.3,53.8,1.50,0.200,0.050,112,0
2033682,25.0,15.4,54.0,1.50,0.200,0.050,112,0
2033782,25.0,15.4,53.3,1.50,0.200,0.050,112,0
2033882,25.0,15.5,57.5,1.50,0.200,0.050,112,0
2033982,25.0,15.5,57.6,1.50,0.200,0.050,112,0
2034082,25.0,15.6,54.5,1.50,0.200,0.050,112,0
2034182,25.0,15.7,50.1,1.50,0.200,0.050,113,0
2034282,25.0,15.7,50.0,1.50,0.200,0.050,113,0
2034382,25.0,15.8,47.5,1.50,0.200,0.050,113,0
2034482,25.0,15.8,54.9,1.50,0.200,0.050,113,0
2034582,25.0,15.9,50.8,1.50,0.200,0.050,113,0
2034682,25.0,16.0,46.2,1.50,0.200,0.050,113,0
2034782,25.0,16.0,48.0,1.50,0.200,0.050,113,0
2034882,25.0,16.0,49.9,1.50,0.200,0.050,113,0
2034982,25.0,16.1,48.7,1.50,0.200,0.050,113,0
2035082,25.0,16.1,51.1,1.50,0.200,0.050,113,0
2035182,25.0,16.2,49.4,1.50,0.200,0.050,114,0
2035282,25.0,16.3,50.6,1.50,0.200,0.050,114,0
2035382,25.0,16.3,57.7,1.50,0.200,0.050,114,0
2035482,25.0,16.4,56.3,1.50,0.200,0.050,114,0
2035582,25.0,16.5,57.1,1.50,0.200,0.050,114,0
2035682,25.0,16.5,58.1,1.50,0.200,0.050,114,0
2035782,25.0,16.6,55.3,1.50,0.200,0.050,114,0
2035882,25.0,16.6,57.0,1.50,0.200,0.050,114,0
2035982,25.0,16.7,53.2,1.50,0.200,0.050,114,0
2036082,25.0,16.7,50.1,1.50,0.200,0.050,114,0
2036182,25.0,16.8,49.6,1.50,0.200,0.050,114,0
2036282,25.0,16.8,53.2,1.50,0.200,0.050,114,0
2036382,25.0,16.9,55.1,1.50,0.200,0.050,115,0
2036482,25.0,16.9,57.6,1.50,0.200,0.050,115,0
2036582,25.0,17.0,57.4,1.50,0.200,0.050,115,0
2036682,25.0,17.0,53.3,1.50,0.200,0.050,115,0
2036782,25.0,17.1,48.7,1.50,0.200,0.050,115,0
2036882,25.0,17.1,50.3,1.50,0.200,0.050,115,0
2036982,25.0,17.2,53.5,1.50,0.200,0.050,115,0
2037082,25.0,17.2,50.2,1.50,0.200,0.050,115,0
2037182,25.0,17.3,46.1,1.50,0.200,0.050,115,0
2037282,25.0,17.3,51.5,1.50,0.200,0.050,115,0
2037382,25.0,17.4,53.6,1.50,0.200,0.050,115,0
2037482,25.0,17.4,52.5,1.50,0.200,0.050,115,0
2037582,25.0,17.5,56.9,1.50,0.200,0.050,116,0
2037682,25.0,17.5,55.7,1.50,0.200,0.050,116,0
2037782,25.0,17.6,54.9,1.50,0.200,0.050,116,0
2037882,25.0,17.6,50.7,1.50,0.200,0.050,116,0
2037982,25.0,17.6,47.8,1.50,0.200,0.050,116,0
2038082,25.0,17.7,46.2,1.50,0.200,0.050,116,0
2038182,25.0,17.7,48.4,1.50,0.200,0.050,116,0
2038282,25.0,17.8,47.5,1.50,0.200,0.050,116,0
2038382,25.0,17.8,45.6,1.50,0.200,0.050,116,0
2038482,25.0,17.9,49.2,1.50,0.200,0.050,116,0
2038582,25.0,17.9,47.1,1.50,0.200,0.050,116,0
2038682,25.0,18.0,52.6,1.50,0.200,0.050,116,0
2038782,25.0,18.0,56.8,1.50,0.200,0.050,116,0
2038882,25.0,18.0,49.8,1.50,0.200,0.050,117,0
2038982,25.0,18.1,54.7,1.50,0.200,0.050,117,0
2039082,25.0,18.1,48.7,1.50,0.200,0.050,117,0
2039182,25.0,18.2,52.5,1.50,0.200,0.050,117,0
2039282,25.0,18.2,46.4,1.50,0.200,0.050,117,0
2039382,25.0,18.3,53.8,1.50,0.200,0.050,117,0
2039482,25.0,18.3,54.5,1.50,0.200,0.050,117,0
2039582,25.0,18.4,52.1,1.50,0.200,0.050,117,0
2039682,25.0,18.4,48.7,1.50,0.200,0.050,117,0
2039782,25.0,18.5,55.0,1.50,0.200,0.050,117,0
2039882,25.0,18.5,54.5,1.50,0.200,0.050,117,0
2039982,25.0,18.5,52.7,1.50,0.200,0.050,117,0
2040082,25.0,18.6,49.1,1.50,0.200,0.050,117,0
2040182,25.0,18.6,48.1,1.50,0.200,0.050,117,0
2040282,25.0,18.7,51.5,1.50,0.200,0.050,117,0
2040382,25.0,18.7,47.8,1.50,0.200,0.050,118,0
2040482,25.0,18.8,45.5,1.50,0.200,0.050,118,0
2040582,25.0,18.8,46.0,1.50,0.200,0.050,118,0
2040682,25.0,18.8,44.5,1.50,0.200,0.050,118,0
2040782,25.0,18.9,44.2,1.50,0.200,0.050,118,0
2040882,25.0,18.9,45.9,1.50,0.200,0.050,118,0
2040982,25.0,19.0,51.1,1.50,0.200,0.050,118,0
2041082,25.0,19.0,52.0,1.50,0.200,0.050,118,0
2041182,25.0,19.1,49.3,1.50,0.200,0.050,118,0
2041282,25.0,19.1,51.6,1.50,0.200,0.050,118,0
2041382,25.0,19.1,48.3,1.50,0.200,0.050,118,0
2041482,25.0,19.2,48.8,1.50,0.200,0.050,118,0
2041582,25.0,19.2,53.3,1.50,0.200,0.050,118,0
2041682,25.0,19.2,50.6,1.50,0.200,0.050,118,0
2041782,25.0,19.3,46.6,1.50,0.200,0.050,118,0
2041882,25.0,19.3,48.4,1.50,0.200,0.050,118,0
2041982,25.0,19.3,51.8,1.50,0.200,0.050,118,0
2042082,25.0,19.4,53.1,1.50,0.200,0.050,119,0
2042182,25.0,19.4,62.5,1.50,0.200,0.050,119,0
2042282,25.0,19.5,61.0,1.50,0.200,0.050,119,0
2042382,25.0,19.5,56.6,1.50,0.200,0.050,119,0
2042482,25.0,19.5,53.5,1.50,0.200,0.050,119,0
2042582,25.0,19.6,53.4,1.50,0.200,0.050,119,0
2042682,25.0,19.6,50.8,1.50,0.200,0.050,119,0
2042782,25.0,19.6,48.4,1.50,0.200,0.050,119,0
2042882,25.0,19.7,52.2,1.50,0.200,0.050,119,0
2042982,25.0,19.7,47.7,1.50,0.200,0.050,119,0
2043082,25.0,19.8,44.8,1.50,0.200,0.050,119,0
2043182,25.0,19.8,45.3,1.50,0.200,0.050,119,0
2043282,25.0,19.8,48.4,1.50,0.200,0.050,119,0
2043382,25.0,19.9,46.6,1.50,0.200,0.050,119,0
2043482,25.0,19.9,44.7,1.50,0.200,0.050,119,0
2043582,25.0,19.9,44.3,1.50,0.200,0.050,119,0
2043682,25.0,20.0,48.1,1.50,0.200,0.050,119,0
2043782,25.0,20.0,54.3,1.50,0.200,0.050,119,0
2043882,25.0,20.0,49.6,1.50,0.200,0.050,119,0
2043982,25.0,20.1,44.3,1.50,0.200,0.050,120,0
2044082,25.0,20.1,44.9,1.50,0.200,0.050,120,0
2044182,25.0,20.1,45.5,1.50,0.200,0.050,120,0
2044282,25.0,20.2,41.5,1.50,0.200,0.050,120,0
2044382,25.0,20.2,40.7,1.50,0.200,0.050,120,0
2044482,25.0,20.2,46.1,1.50,0.200,0.050,120,0
2044582,25.0,20.2,46.3,1.50,0.200,0.050,120,0
2044682,25.0,20.3,48.1,1.50,0.200,0.050,120,0
2044782,25.0,20.3,50.5,1.50,0.200,0.050,120,0
2044882,25.0,20.3,58.8,1.50,0.200,0.050,120,0
2044982,25.0,20.4,60.9,1.50,0.200,0.050,120,0
2045082,25.0,20.4,55.6,1.50,0.200,0.050,120,0
2045182,25.0,20.4,53.1,1.50,0.200,0.050,120,0
2045282,25.0,20.5,53.7,1.50,0.200,0.050,120,0
2045382,25.0,20.5,52.1,1.50,0.200,0.050,120,0
2045482,25.0,20.5,50.9,1.50,0.200,0.050,120,0
2045582,25.0,20.5,53.8,1.50,0.200,0.050,120,0
2045682,25.0,20.6,50.8,1.50,0.200,0.050,120,0
2045782,25.0,20.6,49.8,1.50,0.200,0.050,120,0
2045882,25.0,20.6,49.9,1.50,0.200,0.050,120,0
